2026-08-06 21:41:51: Error: Referencing column 'question_id' and referenced column 'id' in foreign key constraint 'responses_ibfk_1' are incompatible.
2026-08-06 21:41:51:     at j (.next/server/app/api/admin/surveys/[id]/export/route.js:35:14)
2026-08-06 21:41:51:     at async i (.next/server/app/api/admin/surveys/[id]/export/route.js:14:141506)
2026-08-06 21:41:51:     at async f (.next/server/app/api/admin/surveys/[id]/route.js:2:693)
2026-08-06 21:41:51:     at async x (.next/server/app/api/admin/surveys/route.js:1:683)
2026-08-06 21:41:51:     at async k (.next/server/app/api/admin/surveys/route.js:1:3701)
2026-08-06 21:41:51:     at async g (.next/server/app/api/admin/surveys/route.js:1:4704)
2026-08-06 21:41:51:     at async E (.next/server/app/api/admin/surveys/route.js:1:5826) {
2026-08-06 21:41:51:   code: 'ER_FK_INCOMPATIBLE_COLUMNS',
2026-08-06 21:41:51:   errno: 3780,
2026-08-06 21:41:51:   sqlState: 'HY000',
2026-08-06 21:41:51:   sqlMessage: "Referencing column 'question_id' and referenced column 'id' in foreign key constraint 'responses_ibfk_1' are incompatible.",
2026-08-06 21:41:51:   sql: '\n' +
2026-08-06 21:41:51:     '    CREATE TABLE IF NOT EXISTS responses (\n' +
2026-08-06 21:41:51:     '      id VARCHAR(36) PRIMARY KEY,\n' +
2026-08-06 21:41:51:     '      question_id VARCHAR(36) NOT NULL,\n' +
2026-08-06 21:41:51:     '      survey_id VARCHAR(36) NOT NULL,\n' +
2026-08-06 21:41:51:     '      value TEXT NOT NULL,\n' +
2026-08-06 21:41:51:     '      submitted_at VARCHAR(30) NOT NULL,\n' +
2026-08-06 21:41:51:     "      submission_id VARCHAR(36) DEFAULT '',\n" +
2026-08-06 21:41:51:     '      FOREIGN KEY (question_id) REFERENCES questions(id) ON DELETE CASCADE,\n' +
2026-08-06 21:41:51:     '      FOREIGN KEY (survey_id) REFERENCES surveys(id) ON DELETE CASCADE\n' +
2026-08-06 21:41:51:     '    ) ENGINE=InnoDB DEFAULT CHARSET=utf8mb4\n' +
2026-08-06 21:41:51:     '  '
2026-08-06 21:41:51: }
2026-08-06 21:41:57: Error: Referencing column 'question_id' and referenced column 'id' in foreign key constraint 'responses_ibfk_1' are incompatible.
2026-08-06 21:41:57:     at j (.next/server/app/api/admin/surveys/[id]/export/route.js:35:14)
2026-08-06 21:41:57:     at async i (.next/server/app/api/admin/surveys/[id]/export/route.js:14:141506)
2026-08-06 21:41:57:     at async f (.next/server/app/api/admin/surveys/[id]/route.js:2:693)
2026-08-06 21:41:57:     at async x (.next/server/app/api/admin/surveys/route.js:1:683)
2026-08-06 21:41:57:     at async k (.next/server/app/api/admin/surveys/route.js:1:3701)
2026-08-06 21:41:57:     at async g (.next/server/app/api/admin/surveys/route.js:1:4704)
2026-08-06 21:41:57:     at async E (.next/server/app/api/admin/surveys/route.js:1:5826) {
2026-08-06 21:41:57:   code: 'ER_FK_INCOMPATIBLE_COLUMNS',
2026-08-06 21:41:57:   errno: 3780,
2026-08-06 21:41:57:   sqlState: 'HY000',
2026-08-06 21:41:57:   sqlMessage: "Referencing column 'question_id' and referenced column 'id' in foreign key constraint 'responses_ibfk_1' are incompatible.",
2026-08-06 21:41:57:   sql: '\n' +
2026-08-06 21:41:57:     '    CREATE TABLE IF NOT EXISTS responses (\n' +
2026-08-06 21:41:57:     '      id VARCHAR(36) PRIMARY KEY,\n' +
2026-08-06 21:41:57:     '      question_id VARCHAR(36) NOT NULL,\n' +
2026-08-06 21:41:57:     '      survey_id VARCHAR(36) NOT NULL,\n' +
2026-08-06 21:41:57:     '      value TEXT NOT NULL,\n' +
2026-08-06 21:41:57:     '      submitted_at VARCHAR(30) NOT NULL,\n' +
2026-08-06 21:41:57:     "      submission_id VARCHAR(36) DEFAULT '',\n" +
2026-08-06 21:41:57:     '      FOREIGN KEY (question_id) REFERENCES questions(id) ON DELETE CASCADE,\n' +
2026-08-06 21:41:57:     '      FOREIGN KEY (survey_id) REFERENCES surveys(id) ON DELETE CASCADE\n' +
2026-08-06 21:41:57:     '    ) ENGINE=InnoDB DEFAULT CHARSET=utf8mb4\n' +
2026-08-06 21:41:57:     '  '
2026-08-06 21:41:57: }
2026-08-06 21:42:02: Error: Referencing column 'question_id' and referenced column 'id' in foreign key constraint 'responses_ibfk_1' are incompatible.
2026-08-06 21:42:02:     at j (.next/server/app/api/admin/surveys/[id]/export/route.js:35:14)
2026-08-06 21:42:02:     at async i (.next/server/app/api/admin/surveys/[id]/export/route.js:14:141506)
2026-08-06 21:42:02:     at async f (.next/server/app/api/admin/surveys/[id]/route.js:2:693)
2026-08-06 21:42:02:     at async x (.next/server/app/api/admin/surveys/route.js:1:683)
2026-08-06 21:42:02:     at async k (.next/server/app/api/admin/surveys/route.js:1:3701)
2026-08-06 21:42:02:     at async g (.next/server/app/api/admin/surveys/route.js:1:4704)
2026-08-06 21:42:02:     at async E (.next/server/app/api/admin/surveys/route.js:1:5826) {
2026-08-06 21:42:02:   code: 'ER_FK_INCOMPATIBLE_COLUMNS',
2026-08-06 21:42:02:   errno: 3780,
2026-08-06 21:42:02:   sqlState: 'HY000',
2026-08-06 21:42:02:   sqlMessage: "Referencing column 'question_id' and referenced column 'id' in foreign key constraint 'responses_ibfk_1' are incompatible.",
2026-08-06 21:42:02:   sql: '\n' +
2026-08-06 21:42:02:     '    CREATE TABLE IF NOT EXISTS responses (\n' +
2026-08-06 21:42:02:     '      id VARCHAR(36) PRIMARY KEY,\n' +
2026-08-06 21:42:02:     '      question_id VARCHAR(36) NOT NULL,\n' +
2026-08-06 21:42:02:     '      survey_id VARCHAR(36) NOT NULL,\n' +
2026-08-06 21:42:02:     '      value TEXT NOT NULL,\n' +
2026-08-06 21:42:02:     '      submitted_at VARCHAR(30) NOT NULL,\n' +
2026-08-06 21:42:02:     "      submission_id VARCHAR(36) DEFAULT '',\n" +
2026-08-06 21:42:02:     '      FOREIGN KEY (question_id) REFERENCES questions(id) ON DELETE CASCADE,\n' +
2026-08-06 21:42:02:     '      FOREIGN KEY (survey_id) REFERENCES surveys(id) ON DELETE CASCADE\n' +
2026-08-06 21:42:02:     '    ) ENGINE=InnoDB DEFAULT CHARSET=utf8mb4\n' +
2026-08-06 21:42:02:     '  '
2026-08-06 21:42:02: }
2026-08-07 01:33:32: [Error: Failed to find Server Action "x". This request might be from an older or newer deployment.
2026-08-07 01:33:32: Read more: https://nextjs.org/docs/messages/failed-to-find-server-action]
2026-08-07 07:36:03: [Error: Failed to find Server Action "x". This request might be from an older or newer deployment.
2026-08-07 07:36:03: Read more: https://nextjs.org/docs/messages/failed-to-find-server-action]
2026-08-07 09:34:52: [Error: Failed to find Server Action "x". This request might be from an older or newer deployment.
2026-08-07 09:34:52: Read more: https://nextjs.org/docs/messages/failed-to-find-server-action]
2026-08-07 11:39:09: [Error: Failed to find Server Action "x". This request might be from an older or newer deployment.
2026-08-07 11:39:09: Read more: https://nextjs.org/docs/messages/failed-to-find-server-action]
2026-08-07 11:39:10: [Error: Failed to find Server Action "x". This request might be from an older or newer deployment.
2026-08-07 11:39:10: Read more: https://nextjs.org/docs/messages/failed-to-find-server-action]
2026-08-07 11:39:11: [Error: Failed to find Server Action "x". This request might be from an older or newer deployment.
2026-08-07 11:39:11: Read more: https://nextjs.org/docs/messages/failed-to-find-server-action]
2026-08-07 11:39:12: [Error: Failed to find Server Action "x". This request might be from an older or newer deployment.
2026-08-07 11:39:12: Read more: https://nextjs.org/docs/messages/failed-to-find-server-action]
2026-08-07 11:39:13: [Error: Failed to find Server Action "x". This request might be from an older or newer deployment.
2026-08-07 11:39:13: Read more: https://nextjs.org/docs/messages/failed-to-find-server-action]
2026-08-07 11:39:14: [Error: Failed to find Server Action "x". This request might be from an older or newer deployment.
2026-08-07 11:39:14: Read more: https://nextjs.org/docs/messages/failed-to-find-server-action]
2026-08-07 18:03:22: [Error: Failed to find Server Action "x". This request might be from an older or newer deployment.
2026-08-07 18:03:22: Read more: https://nextjs.org/docs/messages/failed-to-find-server-action]
2026-08-07 18:03:22: [Error: Failed to find Server Action "x". This request might be from an older or newer deployment.
2026-08-07 18:03:22: Read more: https://nextjs.org/docs/messages/failed-to-find-server-action]
2026-08-07 19:05:50: [Error: Failed to find Server Action "x". This request might be from an older or newer deployment.
2026-08-07 19:05:50: Read more: https://nextjs.org/docs/messages/failed-to-find-server-action]
2026-08-08 01:52:34: [Error: Failed to find Server Action "x". This request might be from an older or newer deployment.
2026-08-08 01:52:34: Read more: https://nextjs.org/docs/messages/failed-to-find-server-action]
2026-08-08 01:52:35: [Error: Failed to find Server Action "x". This request might be from an older or newer deployment.
2026-08-08 01:52:35: Read more: https://nextjs.org/docs/messages/failed-to-find-server-action]
2026-08-08 01:52:39: [Error: Failed to find Server Action "x". This request might be from an older or newer deployment.
2026-08-08 01:52:39: Read more: https://nextjs.org/docs/messages/failed-to-find-server-action]
2026-08-08 01:52:39: [Error: Failed to find Server Action "x". This request might be from an older or newer deployment.
2026-08-08 01:52:39: Read more: https://nextjs.org/docs/messages/failed-to-find-server-action]
2026-08-08 01:52:40: [Error: Failed to find Server Action "x". This request might be from an older or newer deployment.
2026-08-08 01:52:40: Read more: https://nextjs.org/docs/messages/failed-to-find-server-action]
2026-08-08 01:52:41: [Error: Failed to find Server Action "x". This request might be from an older or newer deployment.
2026-08-08 01:52:41: Read more: https://nextjs.org/docs/messages/failed-to-find-server-action]
2026-08-08 02:01:14: [Error: Failed to find Server Action "yj". This request might be from an older or newer deployment.
2026-08-08 02:01:14: Read more: https://nextjs.org/docs/messages/failed-to-find-server-action]
2026-08-08 02:01:16: [Error: Failed to find Server Action "yj". This request might be from an older or newer deployment.
2026-08-08 02:01:16: Read more: https://nextjs.org/docs/messages/failed-to-find-server-action]
2026-08-08 02:01:20: [Error: Failed to find Server Action "yj". This request might be from an older or newer deployment.
2026-08-08 02:01:20: Read more: https://nextjs.org/docs/messages/failed-to-find-server-action]
2026-08-08 02:01:20: [Error: Failed to find Server Action "yj". This request might be from an older or newer deployment.
2026-08-08 02:01:20: Read more: https://nextjs.org/docs/messages/failed-to-find-server-action]
2026-08-08 02:01:21: [Error: Failed to find Server Action "yj". This request might be from an older or newer deployment.
2026-08-08 02:01:21: Read more: https://nextjs.org/docs/messages/failed-to-find-server-action]
2026-08-08 02:01:21: [Error: Failed to find Server Action "yj". This request might be from an older or newer deployment.
2026-08-08 02:01:21: Read more: https://nextjs.org/docs/messages/failed-to-find-server-action]
2026-08-08 02:01:22: [Error: Failed to find Server Action "yj". This request might be from an older or newer deployment.
2026-08-08 02:01:22: Read more: https://nextjs.org/docs/messages/failed-to-find-server-action]
2026-08-08 02:01:22: [Error: Failed to find Server Action "yj". This request might be from an older or newer deployment.
2026-08-08 02:01:22: Read more: https://nextjs.org/docs/messages/failed-to-find-server-action]
2026-08-08 02:01:23: [Error: Failed to find Server Action "yj". This request might be from an older or newer deployment.
2026-08-08 02:01:23: Read more: https://nextjs.org/docs/messages/failed-to-find-server-action]
2026-08-08 02:01:24: [Error: Failed to find Server Action "yj". This request might be from an older or newer deployment.
2026-08-08 02:01:24: Read more: https://nextjs.org/docs/messages/failed-to-find-server-action]
2026-08-08 02:01:24: [Error: Failed to find Server Action "yj". This request might be from an older or newer deployment.
2026-08-08 02:01:24: Read more: https://nextjs.org/docs/messages/failed-to-find-server-action]
2026-08-08 02:01:25: [Error: Failed to find Server Action "yj". This request might be from an older or newer deployment.
2026-08-08 02:01:25: Read more: https://nextjs.org/docs/messages/failed-to-find-server-action]
2026-08-08 02:01:25: [Error: Failed to find Server Action "yj". This request might be from an older or newer deployment.
2026-08-08 02:01:25: Read more: https://nextjs.org/docs/messages/failed-to-find-server-action]
2026-08-08 02:01:26: [Error: Failed to find Server Action "yj". This request might be from an older or newer deployment.
2026-08-08 02:01:26: Read more: https://nextjs.org/docs/messages/failed-to-find-server-action]
2026-08-08 02:01:27: [Error: Failed to find Server Action "yj". This request might be from an older or newer deployment.
2026-08-08 02:01:27: Read more: https://nextjs.org/docs/messages/failed-to-find-server-action]
2026-08-08 02:01:27: [Error: Failed to find Server Action "yj". This request might be from an older or newer deployment.
2026-08-08 02:01:27: Read more: https://nextjs.org/docs/messages/failed-to-find-server-action]
2026-08-08 02:01:28: [Error: Failed to find Server Action "yj". This request might be from an older or newer deployment.
2026-08-08 02:01:28: Read more: https://nextjs.org/docs/messages/failed-to-find-server-action]
2026-08-08 02:33:59: [Error: Failed to find Server Action "ea". This request might be from an older or newer deployment.
2026-08-08 02:33:59: Read more: https://nextjs.org/docs/messages/failed-to-find-server-action]
2026-08-08 02:33:59: [Error: Failed to find Server Action "ea". This request might be from an older or newer deployment.
2026-08-08 02:33:59: Read more: https://nextjs.org/docs/messages/failed-to-find-server-action]
2026-08-08 02:34:00: [Error: Failed to find Server Action "ea". This request might be from an older or newer deployment.
2026-08-08 02:34:00: Read more: https://nextjs.org/docs/messages/failed-to-find-server-action]
2026-08-08 02:34:01: [Error: Failed to find Server Action "ea". This request might be from an older or newer deployment.
2026-08-08 02:34:01: Read more: https://nextjs.org/docs/messages/failed-to-find-server-action]
2026-08-08 02:34:01: [Error: Failed to find Server Action "ea". This request might be from an older or newer deployment.
2026-08-08 02:34:01: Read more: https://nextjs.org/docs/messages/failed-to-find-server-action]
2026-08-08 02:34:02: [Error: Failed to find Server Action "ea". This request might be from an older or newer deployment.
2026-08-08 02:34:02: Read more: https://nextjs.org/docs/messages/failed-to-find-server-action]
2026-08-08 02:34:02: [Error: Failed to find Server Action "ea". This request might be from an older or newer deployment.
2026-08-08 02:34:02: Read more: https://nextjs.org/docs/messages/failed-to-find-server-action]
2026-08-08 02:34:03: [Error: Failed to find Server Action "ea". This request might be from an older or newer deployment.
2026-08-08 02:34:03: Read more: https://nextjs.org/docs/messages/failed-to-find-server-action]
2026-08-08 02:34:04: [Error: Failed to find Server Action "ea". This request might be from an older or newer deployment.
2026-08-08 02:34:04: Read more: https://nextjs.org/docs/messages/failed-to-find-server-action]
2026-08-08 02:34:04: [Error: Failed to find Server Action "ea". This request might be from an older or newer deployment.
2026-08-08 02:34:04: Read more: https://nextjs.org/docs/messages/failed-to-find-server-action]
2026-08-08 02:34:05: [Error: Failed to find Server Action "ea". This request might be from an older or newer deployment.
2026-08-08 02:34:05: Read more: https://nextjs.org/docs/messages/failed-to-find-server-action]
2026-08-08 02:34:05: [Error: Failed to find Server Action "ea". This request might be from an older or newer deployment.
2026-08-08 02:34:05: Read more: https://nextjs.org/docs/messages/failed-to-find-server-action]
2026-08-08 02:34:06: [Error: Failed to find Server Action "ea". This request might be from an older or newer deployment.
2026-08-08 02:34:06: Read more: https://nextjs.org/docs/messages/failed-to-find-server-action]
2026-08-08 02:34:07: [Error: Failed to find Server Action "ea". This request might be from an older or newer deployment.
2026-08-08 02:34:07: Read more: https://nextjs.org/docs/messages/failed-to-find-server-action]
2026-08-08 02:34:07: [Error: Failed to find Server Action "ea". This request might be from an older or newer deployment.
2026-08-08 02:34:07: Read more: https://nextjs.org/docs/messages/failed-to-find-server-action]
2026-08-08 02:34:08: [Error: Failed to find Server Action "ea". This request might be from an older or newer deployment.
2026-08-08 02:34:08: Read more: https://nextjs.org/docs/messages/failed-to-find-server-action]
2026-08-08 02:34:08: [Error: Failed to find Server Action "ea". This request might be from an older or newer deployment.
2026-08-08 02:34:08: Read more: https://nextjs.org/docs/messages/failed-to-find-server-action]
2026-08-08 04:42:01: [Error: Failed to find Server Action "x". This request might be from an older or newer deployment.
2026-08-08 04:42:01: Read more: https://nextjs.org/docs/messages/failed-to-find-server-action]
2026-08-08 04:42:03: [Error: Failed to find Server Action "x". This request might be from an older or newer deployment.
2026-08-08 04:42:03: Read more: https://nextjs.org/docs/messages/failed-to-find-server-action]
2026-08-08 07:41:57: [Error: Failed to find Server Action "2m". This request might be from an older or newer deployment.
2026-08-08 07:41:57: Read more: https://nextjs.org/docs/messages/failed-to-find-server-action]
2026-08-08 07:41:58: [Error: Failed to find Server Action "2m". This request might be from an older or newer deployment.
2026-08-08 07:41:58: Read more: https://nextjs.org/docs/messages/failed-to-find-server-action]
2026-08-08 07:41:59: [Error: Failed to find Server Action "2m". This request might be from an older or newer deployment.
2026-08-08 07:41:59: Read more: https://nextjs.org/docs/messages/failed-to-find-server-action]
2026-08-08 07:41:59: [Error: Failed to find Server Action "2m". This request might be from an older or newer deployment.
2026-08-08 07:41:59: Read more: https://nextjs.org/docs/messages/failed-to-find-server-action]
2026-08-08 07:42:00: [Error: Failed to find Server Action "2m". This request might be from an older or newer deployment.
2026-08-08 07:42:00: Read more: https://nextjs.org/docs/messages/failed-to-find-server-action]
2026-08-08 07:42:00: [Error: Failed to find Server Action "2m". This request might be from an older or newer deployment.
2026-08-08 07:42:00: Read more: https://nextjs.org/docs/messages/failed-to-find-server-action]
2026-08-08 07:42:01: [Error: Failed to find Server Action "2m". This request might be from an older or newer deployment.
2026-08-08 07:42:01: Read more: https://nextjs.org/docs/messages/failed-to-find-server-action]
2026-08-08 07:42:02: [Error: Failed to find Server Action "2m". This request might be from an older or newer deployment.
2026-08-08 07:42:02: Read more: https://nextjs.org/docs/messages/failed-to-find-server-action]
2026-08-08 07:42:02: [Error: Failed to find Server Action "2m". This request might be from an older or newer deployment.
2026-08-08 07:42:02: Read more: https://nextjs.org/docs/messages/failed-to-find-server-action]
2026-08-08 07:42:03: [Error: Failed to find Server Action "2m". This request might be from an older or newer deployment.
2026-08-08 07:42:03: Read more: https://nextjs.org/docs/messages/failed-to-find-server-action]
2026-08-08 07:42:03: [Error: Failed to find Server Action "2m". This request might be from an older or newer deployment.
2026-08-08 07:42:03: Read more: https://nextjs.org/docs/messages/failed-to-find-server-action]
2026-08-08 07:42:04: [Error: Failed to find Server Action "2m". This request might be from an older or newer deployment.
2026-08-08 07:42:04: Read more: https://nextjs.org/docs/messages/failed-to-find-server-action]
2026-08-08 07:42:05: [Error: Failed to find Server Action "2m". This request might be from an older or newer deployment.
2026-08-08 07:42:05: Read more: https://nextjs.org/docs/messages/failed-to-find-server-action]
2026-08-08 07:42:05: [Error: Failed to find Server Action "2m". This request might be from an older or newer deployment.
2026-08-08 07:42:05: Read more: https://nextjs.org/docs/messages/failed-to-find-server-action]
2026-08-08 07:42:06: [Error: Failed to find Server Action "2m". This request might be from an older or newer deployment.
2026-08-08 07:42:06: Read more: https://nextjs.org/docs/messages/failed-to-find-server-action]
2026-08-08 07:42:06: [Error: Failed to find Server Action "2m". This request might be from an older or newer deployment.
2026-08-08 07:42:06: Read more: https://nextjs.org/docs/messages/failed-to-find-server-action]
2026-08-08 07:42:07: [Error: Failed to find Server Action "2m". This request might be from an older or newer deployment.
2026-08-08 07:42:07: Read more: https://nextjs.org/docs/messages/failed-to-find-server-action]
2026-08-08 09:05:04: [Error: Failed to find Server Action "ad". This request might be from an older or newer deployment.
2026-08-08 09:05:04: Read more: https://nextjs.org/docs/messages/failed-to-find-server-action]
2026-08-08 09:05:05: [Error: Failed to find Server Action "ad". This request might be from an older or newer deployment.
2026-08-08 09:05:05: Read more: https://nextjs.org/docs/messages/failed-to-find-server-action]
2026-08-08 09:05:06: [Error: Failed to find Server Action "ad". This request might be from an older or newer deployment.
2026-08-08 09:05:06: Read more: https://nextjs.org/docs/messages/failed-to-find-server-action]
2026-08-08 09:05:07: [Error: Failed to find Server Action "ad". This request might be from an older or newer deployment.
2026-08-08 09:05:07: Read more: https://nextjs.org/docs/messages/failed-to-find-server-action]
2026-08-08 09:05:07: [Error: Failed to find Server Action "ad". This request might be from an older or newer deployment.
2026-08-08 09:05:07: Read more: https://nextjs.org/docs/messages/failed-to-find-server-action]
2026-08-08 09:05:08: [Error: Failed to find Server Action "ad". This request might be from an older or newer deployment.
2026-08-08 09:05:08: Read more: https://nextjs.org/docs/messages/failed-to-find-server-action]
2026-08-08 09:05:08: [Error: Failed to find Server Action "ad". This request might be from an older or newer deployment.
2026-08-08 09:05:08: Read more: https://nextjs.org/docs/messages/failed-to-find-server-action]
2026-08-08 09:05:09: [Error: Failed to find Server Action "ad". This request might be from an older or newer deployment.
2026-08-08 09:05:09: Read more: https://nextjs.org/docs/messages/failed-to-find-server-action]
2026-08-08 09:05:09: [Error: Failed to find Server Action "ad". This request might be from an older or newer deployment.
2026-08-08 09:05:09: Read more: https://nextjs.org/docs/messages/failed-to-find-server-action]
2026-08-08 09:05:10: [Error: Failed to find Server Action "ad". This request might be from an older or newer deployment.
2026-08-08 09:05:10: Read more: https://nextjs.org/docs/messages/failed-to-find-server-action]
2026-08-08 09:05:11: [Error: Failed to find Server Action "ad". This request might be from an older or newer deployment.
2026-08-08 09:05:11: Read more: https://nextjs.org/docs/messages/failed-to-find-server-action]
2026-08-08 09:05:11: [Error: Failed to find Server Action "ad". This request might be from an older or newer deployment.
2026-08-08 09:05:11: Read more: https://nextjs.org/docs/messages/failed-to-find-server-action]
2026-08-08 09:05:12: [Error: Failed to find Server Action "ad". This request might be from an older or newer deployment.
2026-08-08 09:05:12: Read more: https://nextjs.org/docs/messages/failed-to-find-server-action]
2026-08-08 09:05:12: [Error: Failed to find Server Action "ad". This request might be from an older or newer deployment.
2026-08-08 09:05:12: Read more: https://nextjs.org/docs/messages/failed-to-find-server-action]
2026-08-08 09:05:13: [Error: Failed to find Server Action "ad". This request might be from an older or newer deployment.
2026-08-08 09:05:13: Read more: https://nextjs.org/docs/messages/failed-to-find-server-action]
2026-08-08 09:05:13: [Error: Failed to find Server Action "ad". This request might be from an older or newer deployment.
2026-08-08 09:05:13: Read more: https://nextjs.org/docs/messages/failed-to-find-server-action]
2026-08-08 09:05:14: [Error: Failed to find Server Action "ad". This request might be from an older or newer deployment.
2026-08-08 09:05:14: Read more: https://nextjs.org/docs/messages/failed-to-find-server-action]
2026-08-08 09:19:44: [Error: Failed to find Server Action "ih". This request might be from an older or newer deployment.
2026-08-08 09:19:44: Read more: https://nextjs.org/docs/messages/failed-to-find-server-action]
2026-08-08 09:19:45: [Error: Failed to find Server Action "ih". This request might be from an older or newer deployment.
2026-08-08 09:19:45: Read more: https://nextjs.org/docs/messages/failed-to-find-server-action]
2026-08-08 09:19:45: [Error: Failed to find Server Action "ih". This request might be from an older or newer deployment.
2026-08-08 09:19:45: Read more: https://nextjs.org/docs/messages/failed-to-find-server-action]
2026-08-08 09:19:46: [Error: Failed to find Server Action "ih". This request might be from an older or newer deployment.
2026-08-08 09:19:46: Read more: https://nextjs.org/docs/messages/failed-to-find-server-action]
2026-08-08 09:19:46: [Error: Failed to find Server Action "ih". This request might be from an older or newer deployment.
2026-08-08 09:19:46: Read more: https://nextjs.org/docs/messages/failed-to-find-server-action]
2026-08-08 09:19:47: [Error: Failed to find Server Action "ih". This request might be from an older or newer deployment.
2026-08-08 09:19:47: Read more: https://nextjs.org/docs/messages/failed-to-find-server-action]
2026-08-08 09:19:48: [Error: Failed to find Server Action "ih". This request might be from an older or newer deployment.
2026-08-08 09:19:48: Read more: https://nextjs.org/docs/messages/failed-to-find-server-action]
2026-08-08 09:19:48: [Error: Failed to find Server Action "ih". This request might be from an older or newer deployment.
2026-08-08 09:19:48: Read more: https://nextjs.org/docs/messages/failed-to-find-server-action]
2026-08-08 09:19:49: [Error: Failed to find Server Action "ih". This request might be from an older or newer deployment.
2026-08-08 09:19:49: Read more: https://nextjs.org/docs/messages/failed-to-find-server-action]
2026-08-08 09:19:50: [Error: Failed to find Server Action "ih". This request might be from an older or newer deployment.
2026-08-08 09:19:50: Read more: https://nextjs.org/docs/messages/failed-to-find-server-action]
2026-08-08 09:19:50: [Error: Failed to find Server Action "ih". This request might be from an older or newer deployment.
2026-08-08 09:19:50: Read more: https://nextjs.org/docs/messages/failed-to-find-server-action]
2026-08-08 09:19:51: [Error: Failed to find Server Action "ih". This request might be from an older or newer deployment.
2026-08-08 09:19:51: Read more: https://nextjs.org/docs/messages/failed-to-find-server-action]
2026-08-08 09:19:51: [Error: Failed to find Server Action "ih". This request might be from an older or newer deployment.
2026-08-08 09:19:51: Read more: https://nextjs.org/docs/messages/failed-to-find-server-action]
2026-08-08 09:19:52: [Error: Failed to find Server Action "ih". This request might be from an older or newer deployment.
2026-08-08 09:19:52: Read more: https://nextjs.org/docs/messages/failed-to-find-server-action]
2026-08-08 09:19:52: [Error: Failed to find Server Action "ih". This request might be from an older or newer deployment.
2026-08-08 09:19:52: Read more: https://nextjs.org/docs/messages/failed-to-find-server-action]
2026-08-08 09:19:53: [Error: Failed to find Server Action "ih". This request might be from an older or newer deployment.
2026-08-08 09:19:53: Read more: https://nextjs.org/docs/messages/failed-to-find-server-action]
2026-08-08 09:19:54: [Error: Failed to find Server Action "ih". This request might be from an older or newer deployment.
2026-08-08 09:19:54: Read more: https://nextjs.org/docs/messages/failed-to-find-server-action]
2026-08-08 11:04:52: [Error: Failed to find Server Action "sl". This request might be from an older or newer deployment.
2026-08-08 11:04:52: Read more: https://nextjs.org/docs/messages/failed-to-find-server-action]
2026-08-08 11:04:53: [Error: Failed to find Server Action "sl". This request might be from an older or newer deployment.
2026-08-08 11:04:53: Read more: https://nextjs.org/docs/messages/failed-to-find-server-action]
2026-08-08 11:04:54: [Error: Failed to find Server Action "sl". This request might be from an older or newer deployment.
2026-08-08 11:04:54: Read more: https://nextjs.org/docs/messages/failed-to-find-server-action]
2026-08-08 11:04:55: [Error: Failed to find Server Action "sl". This request might be from an older or newer deployment.
2026-08-08 11:04:55: Read more: https://nextjs.org/docs/messages/failed-to-find-server-action]
2026-08-08 11:04:55: [Error: Failed to find Server Action "sl". This request might be from an older or newer deployment.
2026-08-08 11:04:55: Read more: https://nextjs.org/docs/messages/failed-to-find-server-action]
2026-08-08 11:04:56: [Error: Failed to find Server Action "sl". This request might be from an older or newer deployment.
2026-08-08 11:04:56: Read more: https://nextjs.org/docs/messages/failed-to-find-server-action]
2026-08-08 11:04:57: [Error: Failed to find Server Action "sl". This request might be from an older or newer deployment.
2026-08-08 11:04:57: Read more: https://nextjs.org/docs/messages/failed-to-find-server-action]
2026-08-08 11:04:57: [Error: Failed to find Server Action "sl". This request might be from an older or newer deployment.
2026-08-08 11:04:57: Read more: https://nextjs.org/docs/messages/failed-to-find-server-action]
2026-08-08 11:04:58: [Error: Failed to find Server Action "sl". This request might be from an older or newer deployment.
2026-08-08 11:04:58: Read more: https://nextjs.org/docs/messages/failed-to-find-server-action]
2026-08-08 11:04:58: [Error: Failed to find Server Action "sl". This request might be from an older or newer deployment.
2026-08-08 11:04:58: Read more: https://nextjs.org/docs/messages/failed-to-find-server-action]
2026-08-08 11:04:59: [Error: Failed to find Server Action "sl". This request might be from an older or newer deployment.
2026-08-08 11:04:59: Read more: https://nextjs.org/docs/messages/failed-to-find-server-action]
2026-08-08 11:04:59: [Error: Failed to find Server Action "sl". This request might be from an older or newer deployment.
2026-08-08 11:04:59: Read more: https://nextjs.org/docs/messages/failed-to-find-server-action]
2026-08-08 11:05:00: [Error: Failed to find Server Action "sl". This request might be from an older or newer deployment.
2026-08-08 11:05:00: Read more: https://nextjs.org/docs/messages/failed-to-find-server-action]
2026-08-08 11:05:00: [Error: Failed to find Server Action "sl". This request might be from an older or newer deployment.
2026-08-08 11:05:00: Read more: https://nextjs.org/docs/messages/failed-to-find-server-action]
2026-08-08 11:05:01: [Error: Failed to find Server Action "sl". This request might be from an older or newer deployment.
2026-08-08 11:05:01: Read more: https://nextjs.org/docs/messages/failed-to-find-server-action]
2026-08-08 11:05:02: [Error: Failed to find Server Action "sl". This request might be from an older or newer deployment.
2026-08-08 11:05:02: Read more: https://nextjs.org/docs/messages/failed-to-find-server-action]
2026-08-08 11:05:03: [Error: Failed to find Server Action "sl". This request might be from an older or newer deployment.
2026-08-08 11:05:03: Read more: https://nextjs.org/docs/messages/failed-to-find-server-action]
2026-08-08 16:27:18: [Error: Failed to find Server Action "jr". This request might be from an older or newer deployment.
2026-08-08 16:27:18: Read more: https://nextjs.org/docs/messages/failed-to-find-server-action]
2026-08-08 16:27:19: [Error: Failed to find Server Action "jr". This request might be from an older or newer deployment.
2026-08-08 16:27:19: Read more: https://nextjs.org/docs/messages/failed-to-find-server-action]
2026-08-08 16:27:19: [Error: Failed to find Server Action "jr". This request might be from an older or newer deployment.
2026-08-08 16:27:19: Read more: https://nextjs.org/docs/messages/failed-to-find-server-action]
2026-08-08 16:27:20: [Error: Failed to find Server Action "jr". This request might be from an older or newer deployment.
2026-08-08 16:27:20: Read more: https://nextjs.org/docs/messages/failed-to-find-server-action]
2026-08-08 16:27:21: [Error: Failed to find Server Action "jr". This request might be from an older or newer deployment.
2026-08-08 16:27:21: Read more: https://nextjs.org/docs/messages/failed-to-find-server-action]
2026-08-08 16:27:22: [Error: Failed to find Server Action "jr". This request might be from an older or newer deployment.
2026-08-08 16:27:22: Read more: https://nextjs.org/docs/messages/failed-to-find-server-action]
2026-08-08 16:27:23: [Error: Failed to find Server Action "jr". This request might be from an older or newer deployment.
2026-08-08 16:27:23: Read more: https://nextjs.org/docs/messages/failed-to-find-server-action]
2026-08-08 16:27:23: [Error: Failed to find Server Action "jr". This request might be from an older or newer deployment.
2026-08-08 16:27:23: Read more: https://nextjs.org/docs/messages/failed-to-find-server-action]
2026-08-08 16:27:24: [Error: Failed to find Server Action "jr". This request might be from an older or newer deployment.
2026-08-08 16:27:24: Read more: https://nextjs.org/docs/messages/failed-to-find-server-action]
2026-08-08 16:27:24: [Error: Failed to find Server Action "jr". This request might be from an older or newer deployment.
2026-08-08 16:27:24: Read more: https://nextjs.org/docs/messages/failed-to-find-server-action]
2026-08-08 16:27:25: [Error: Failed to find Server Action "jr". This request might be from an older or newer deployment.
2026-08-08 16:27:25: Read more: https://nextjs.org/docs/messages/failed-to-find-server-action]
2026-08-08 16:27:26: [Error: Failed to find Server Action "jr". This request might be from an older or newer deployment.
2026-08-08 16:27:26: Read more: https://nextjs.org/docs/messages/failed-to-find-server-action]
2026-08-08 16:27:26: [Error: Failed to find Server Action "jr". This request might be from an older or newer deployment.
2026-08-08 16:27:26: Read more: https://nextjs.org/docs/messages/failed-to-find-server-action]
2026-08-08 16:27:27: [Error: Failed to find Server Action "jr". This request might be from an older or newer deployment.
2026-08-08 16:27:27: Read more: https://nextjs.org/docs/messages/failed-to-find-server-action]
2026-08-08 16:27:28: [Error: Failed to find Server Action "jr". This request might be from an older or newer deployment.
2026-08-08 16:27:28: Read more: https://nextjs.org/docs/messages/failed-to-find-server-action]
2026-08-08 16:27:28: [Error: Failed to find Server Action "jr". This request might be from an older or newer deployment.
2026-08-08 16:27:28: Read more: https://nextjs.org/docs/messages/failed-to-find-server-action]
2026-08-08 16:27:29: [Error: Failed to find Server Action "jr". This request might be from an older or newer deployment.
2026-08-08 16:27:29: Read more: https://nextjs.org/docs/messages/failed-to-find-server-action]
2026-08-08 18:43:08: [Error: Failed to find Server Action "sf". This request might be from an older or newer deployment.
2026-08-08 18:43:08: Read more: https://nextjs.org/docs/messages/failed-to-find-server-action]
2026-08-08 18:43:09: [Error: Failed to find Server Action "sf". This request might be from an older or newer deployment.
2026-08-08 18:43:09: Read more: https://nextjs.org/docs/messages/failed-to-find-server-action]
2026-08-08 18:43:09: [Error: Failed to find Server Action "sf". This request might be from an older or newer deployment.
2026-08-08 18:43:09: Read more: https://nextjs.org/docs/messages/failed-to-find-server-action]
2026-08-08 18:43:10: [Error: Failed to find Server Action "sf". This request might be from an older or newer deployment.
2026-08-08 18:43:10: Read more: https://nextjs.org/docs/messages/failed-to-find-server-action]
2026-08-08 18:43:11: [Error: Failed to find Server Action "sf". This request might be from an older or newer deployment.
2026-08-08 18:43:11: Read more: https://nextjs.org/docs/messages/failed-to-find-server-action]
2026-08-08 18:43:11: [Error: Failed to find Server Action "sf". This request might be from an older or newer deployment.
2026-08-08 18:43:11: Read more: https://nextjs.org/docs/messages/failed-to-find-server-action]
2026-08-08 18:43:12: [Error: Failed to find Server Action "sf". This request might be from an older or newer deployment.
2026-08-08 18:43:12: Read more: https://nextjs.org/docs/messages/failed-to-find-server-action]
2026-08-08 18:43:12: [Error: Failed to find Server Action "sf". This request might be from an older or newer deployment.
2026-08-08 18:43:12: Read more: https://nextjs.org/docs/messages/failed-to-find-server-action]
2026-08-08 18:43:13: [Error: Failed to find Server Action "sf". This request might be from an older or newer deployment.
2026-08-08 18:43:13: Read more: https://nextjs.org/docs/messages/failed-to-find-server-action]
2026-08-08 18:43:14: [Error: Failed to find Server Action "sf". This request might be from an older or newer deployment.
2026-08-08 18:43:14: Read more: https://nextjs.org/docs/messages/failed-to-find-server-action]
2026-08-08 18:43:14: [Error: Failed to find Server Action "sf". This request might be from an older or newer deployment.
2026-08-08 18:43:14: Read more: https://nextjs.org/docs/messages/failed-to-find-server-action]
2026-08-08 18:43:15: [Error: Failed to find Server Action "sf". This request might be from an older or newer deployment.
2026-08-08 18:43:15: Read more: https://nextjs.org/docs/messages/failed-to-find-server-action]
2026-08-08 18:43:15: [Error: Failed to find Server Action "sf". This request might be from an older or newer deployment.
2026-08-08 18:43:15: Read more: https://nextjs.org/docs/messages/failed-to-find-server-action]
2026-08-08 18:43:16: [Error: Failed to find Server Action "sf". This request might be from an older or newer deployment.
2026-08-08 18:43:16: Read more: https://nextjs.org/docs/messages/failed-to-find-server-action]
2026-08-08 18:43:17: [Error: Failed to find Server Action "sf". This request might be from an older or newer deployment.
2026-08-08 18:43:17: Read more: https://nextjs.org/docs/messages/failed-to-find-server-action]
2026-08-08 18:43:17: [Error: Failed to find Server Action "sf". This request might be from an older or newer deployment.
2026-08-08 18:43:17: Read more: https://nextjs.org/docs/messages/failed-to-find-server-action]
2026-08-08 18:43:18: [Error: Failed to find Server Action "sf". This request might be from an older or newer deployment.
2026-08-08 18:43:18: Read more: https://nextjs.org/docs/messages/failed-to-find-server-action]
2026-08-08 19:22:37: [Error: Failed to find Server Action "xe". This request might be from an older or newer deployment.
2026-08-08 19:22:37: Read more: https://nextjs.org/docs/messages/failed-to-find-server-action]
2026-08-08 19:22:38: [Error: Failed to find Server Action "xe". This request might be from an older or newer deployment.
2026-08-08 19:22:38: Read more: https://nextjs.org/docs/messages/failed-to-find-server-action]
2026-08-08 19:22:39: [Error: Failed to find Server Action "xe". This request might be from an older or newer deployment.
2026-08-08 19:22:39: Read more: https://nextjs.org/docs/messages/failed-to-find-server-action]
2026-08-08 19:22:39: [Error: Failed to find Server Action "xe". This request might be from an older or newer deployment.
2026-08-08 19:22:39: Read more: https://nextjs.org/docs/messages/failed-to-find-server-action]
2026-08-08 19:22:40: [Error: Failed to find Server Action "xe". This request might be from an older or newer deployment.
2026-08-08 19:22:40: Read more: https://nextjs.org/docs/messages/failed-to-find-server-action]
2026-08-08 19:22:41: [Error: Failed to find Server Action "xe". This request might be from an older or newer deployment.
2026-08-08 19:22:41: Read more: https://nextjs.org/docs/messages/failed-to-find-server-action]
2026-08-08 19:22:41: [Error: Failed to find Server Action "xe". This request might be from an older or newer deployment.
2026-08-08 19:22:41: Read more: https://nextjs.org/docs/messages/failed-to-find-server-action]
2026-08-08 19:22:42: [Error: Failed to find Server Action "xe". This request might be from an older or newer deployment.
2026-08-08 19:22:42: Read more: https://nextjs.org/docs/messages/failed-to-find-server-action]
2026-08-08 19:22:43: [Error: Failed to find Server Action "xe". This request might be from an older or newer deployment.
2026-08-08 19:22:43: Read more: https://nextjs.org/docs/messages/failed-to-find-server-action]
2026-08-08 19:22:43: [Error: Failed to find Server Action "xe". This request might be from an older or newer deployment.
2026-08-08 19:22:43: Read more: https://nextjs.org/docs/messages/failed-to-find-server-action]
2026-08-08 19:22:44: [Error: Failed to find Server Action "xe". This request might be from an older or newer deployment.
2026-08-08 19:22:44: Read more: https://nextjs.org/docs/messages/failed-to-find-server-action]
2026-08-08 19:22:44: [Error: Failed to find Server Action "xe". This request might be from an older or newer deployment.
2026-08-08 19:22:44: Read more: https://nextjs.org/docs/messages/failed-to-find-server-action]
2026-08-08 19:22:45: [Error: Failed to find Server Action "xe". This request might be from an older or newer deployment.
2026-08-08 19:22:45: Read more: https://nextjs.org/docs/messages/failed-to-find-server-action]
2026-08-08 19:22:46: [Error: Failed to find Server Action "xe". This request might be from an older or newer deployment.
2026-08-08 19:22:46: Read more: https://nextjs.org/docs/messages/failed-to-find-server-action]
2026-08-08 19:22:46: [Error: Failed to find Server Action "xe". This request might be from an older or newer deployment.
2026-08-08 19:22:46: Read more: https://nextjs.org/docs/messages/failed-to-find-server-action]
2026-08-08 19:22:47: [Error: Failed to find Server Action "xe". This request might be from an older or newer deployment.
2026-08-08 19:22:47: Read more: https://nextjs.org/docs/messages/failed-to-find-server-action]
2026-08-08 19:22:47: [Error: Failed to find Server Action "xe". This request might be from an older or newer deployment.
2026-08-08 19:22:47: Read more: https://nextjs.org/docs/messages/failed-to-find-server-action]
2026-08-08 19:26:52: [Error: Failed to find Server Action "x". This request might be from an older or newer deployment.
2026-08-08 19:26:52: Read more: https://nextjs.org/docs/messages/failed-to-find-server-action]
2026-08-08 20:01:09: [Error: Failed to find Server Action "x". This request might be from an older or newer deployment.
2026-08-08 20:01:09: Read more: https://nextjs.org/docs/messages/failed-to-find-server-action]
2026-08-08 20:01:13: [Error: Failed to find Server Action "x". This request might be from an older or newer deployment.
2026-08-08 20:01:13: Read more: https://nextjs.org/docs/messages/failed-to-find-server-action]
2026-08-08 20:01:17: [Error: Failed to find Server Action "x". This request might be from an older or newer deployment.
2026-08-08 20:01:17: Read more: https://nextjs.org/docs/messages/failed-to-find-server-action]
2026-08-08 20:01:21: [Error: Failed to find Server Action "x". This request might be from an older or newer deployment.
2026-08-08 20:01:21: Read more: https://nextjs.org/docs/messages/failed-to-find-server-action]
2026-08-08 20:01:26: [Error: Failed to find Server Action "x". This request might be from an older or newer deployment.
2026-08-08 20:01:26: Read more: https://nextjs.org/docs/messages/failed-to-find-server-action]
2026-08-08 22:49:03: [Error: Failed to find Server Action "hy". This request might be from an older or newer deployment.
2026-08-08 22:49:03: Read more: https://nextjs.org/docs/messages/failed-to-find-server-action]
2026-08-08 22:49:05: [Error: Failed to find Server Action "hy". This request might be from an older or newer deployment.
2026-08-08 22:49:05: Read more: https://nextjs.org/docs/messages/failed-to-find-server-action]
2026-08-08 22:49:06: [Error: Failed to find Server Action "hy". This request might be from an older or newer deployment.
2026-08-08 22:49:06: Read more: https://nextjs.org/docs/messages/failed-to-find-server-action]
2026-08-08 22:49:06: [Error: Failed to find Server Action "hy". This request might be from an older or newer deployment.
2026-08-08 22:49:06: Read more: https://nextjs.org/docs/messages/failed-to-find-server-action]
2026-08-08 22:49:07: [Error: Failed to find Server Action "hy". This request might be from an older or newer deployment.
2026-08-08 22:49:07: Read more: https://nextjs.org/docs/messages/failed-to-find-server-action]
2026-08-08 22:49:07: [Error: Failed to find Server Action "hy". This request might be from an older or newer deployment.
2026-08-08 22:49:07: Read more: https://nextjs.org/docs/messages/failed-to-find-server-action]
2026-08-08 22:49:08: [Error: Failed to find Server Action "hy". This request might be from an older or newer deployment.
2026-08-08 22:49:08: Read more: https://nextjs.org/docs/messages/failed-to-find-server-action]
2026-08-08 22:49:08: [Error: Failed to find Server Action "hy". This request might be from an older or newer deployment.
2026-08-08 22:49:08: Read more: https://nextjs.org/docs/messages/failed-to-find-server-action]
2026-08-08 22:49:09: [Error: Failed to find Server Action "hy". This request might be from an older or newer deployment.
2026-08-08 22:49:09: Read more: https://nextjs.org/docs/messages/failed-to-find-server-action]
2026-08-08 22:49:10: [Error: Failed to find Server Action "hy". This request might be from an older or newer deployment.
2026-08-08 22:49:10: Read more: https://nextjs.org/docs/messages/failed-to-find-server-action]
2026-08-08 22:49:11: [Error: Failed to find Server Action "hy". This request might be from an older or newer deployment.
2026-08-08 22:49:11: Read more: https://nextjs.org/docs/messages/failed-to-find-server-action]
2026-08-08 22:49:11: [Error: Failed to find Server Action "hy". This request might be from an older or newer deployment.
2026-08-08 22:49:11: Read more: https://nextjs.org/docs/messages/failed-to-find-server-action]
2026-08-08 22:49:12: [Error: Failed to find Server Action "hy". This request might be from an older or newer deployment.
2026-08-08 22:49:12: Read more: https://nextjs.org/docs/messages/failed-to-find-server-action]
2026-08-08 22:49:13: [Error: Failed to find Server Action "hy". This request might be from an older or newer deployment.
2026-08-08 22:49:13: Read more: https://nextjs.org/docs/messages/failed-to-find-server-action]
2026-08-08 22:49:13: [Error: Failed to find Server Action "hy". This request might be from an older or newer deployment.
2026-08-08 22:49:13: Read more: https://nextjs.org/docs/messages/failed-to-find-server-action]
2026-08-08 22:49:14: [Error: Failed to find Server Action "hy". This request might be from an older or newer deployment.
2026-08-08 22:49:14: Read more: https://nextjs.org/docs/messages/failed-to-find-server-action]
2026-08-08 22:49:15: [Error: Failed to find Server Action "hy". This request might be from an older or newer deployment.
2026-08-08 22:49:15: Read more: https://nextjs.org/docs/messages/failed-to-find-server-action]
2026-08-09 01:57:24: [Error: Failed to find Server Action "x". This request might be from an older or newer deployment.
2026-08-09 01:57:24: Read more: https://nextjs.org/docs/messages/failed-to-find-server-action]
2026-08-09 02:17:57: [Error: Failed to find Server Action "qp". This request might be from an older or newer deployment.
2026-08-09 02:17:57: Read more: https://nextjs.org/docs/messages/failed-to-find-server-action]
2026-08-09 02:17:58: [Error: Failed to find Server Action "qp". This request might be from an older or newer deployment.
2026-08-09 02:17:58: Read more: https://nextjs.org/docs/messages/failed-to-find-server-action]
2026-08-09 02:17:59: [Error: Failed to find Server Action "qp". This request might be from an older or newer deployment.
2026-08-09 02:17:59: Read more: https://nextjs.org/docs/messages/failed-to-find-server-action]
2026-08-09 02:17:59: [Error: Failed to find Server Action "qp". This request might be from an older or newer deployment.
2026-08-09 02:17:59: Read more: https://nextjs.org/docs/messages/failed-to-find-server-action]
2026-08-09 02:18:00: [Error: Failed to find Server Action "qp". This request might be from an older or newer deployment.
2026-08-09 02:18:00: Read more: https://nextjs.org/docs/messages/failed-to-find-server-action]
2026-08-09 02:18:01: [Error: Failed to find Server Action "qp". This request might be from an older or newer deployment.
2026-08-09 02:18:01: Read more: https://nextjs.org/docs/messages/failed-to-find-server-action]
2026-08-09 02:18:01: [Error: Failed to find Server Action "qp". This request might be from an older or newer deployment.
2026-08-09 02:18:01: Read more: https://nextjs.org/docs/messages/failed-to-find-server-action]
2026-08-09 02:18:02: [Error: Failed to find Server Action "qp". This request might be from an older or newer deployment.
2026-08-09 02:18:02: Read more: https://nextjs.org/docs/messages/failed-to-find-server-action]
2026-08-09 02:18:02: [Error: Failed to find Server Action "qp". This request might be from an older or newer deployment.
2026-08-09 02:18:02: Read more: https://nextjs.org/docs/messages/failed-to-find-server-action]
2026-08-09 02:18:03: [Error: Failed to find Server Action "qp". This request might be from an older or newer deployment.
2026-08-09 02:18:03: Read more: https://nextjs.org/docs/messages/failed-to-find-server-action]
2026-08-09 02:18:03: [Error: Failed to find Server Action "qp". This request might be from an older or newer deployment.
2026-08-09 02:18:03: Read more: https://nextjs.org/docs/messages/failed-to-find-server-action]
2026-08-09 02:18:04: [Error: Failed to find Server Action "qp". This request might be from an older or newer deployment.
2026-08-09 02:18:04: Read more: https://nextjs.org/docs/messages/failed-to-find-server-action]
2026-08-09 02:18:05: [Error: Failed to find Server Action "qp". This request might be from an older or newer deployment.
2026-08-09 02:18:05: Read more: https://nextjs.org/docs/messages/failed-to-find-server-action]
2026-08-09 02:18:05: [Error: Failed to find Server Action "qp". This request might be from an older or newer deployment.
2026-08-09 02:18:05: Read more: https://nextjs.org/docs/messages/failed-to-find-server-action]
2026-08-09 02:18:06: [Error: Failed to find Server Action "qp". This request might be from an older or newer deployment.
2026-08-09 02:18:06: Read more: https://nextjs.org/docs/messages/failed-to-find-server-action]
2026-08-09 02:18:07: [Error: Failed to find Server Action "qp". This request might be from an older or newer deployment.
2026-08-09 02:18:07: Read more: https://nextjs.org/docs/messages/failed-to-find-server-action]
2026-08-09 02:18:07: [Error: Failed to find Server Action "qp". This request might be from an older or newer deployment.
2026-08-09 02:18:07: Read more: https://nextjs.org/docs/messages/failed-to-find-server-action]
2026-08-09 03:14:44: [Error: Failed to find Server Action "7w". This request might be from an older or newer deployment.
2026-08-09 03:14:44: Read more: https://nextjs.org/docs/messages/failed-to-find-server-action]
2026-08-09 03:14:45: [Error: Failed to find Server Action "7w". This request might be from an older or newer deployment.
2026-08-09 03:14:45: Read more: https://nextjs.org/docs/messages/failed-to-find-server-action]
2026-08-09 03:14:45: [Error: Failed to find Server Action "7w". This request might be from an older or newer deployment.
2026-08-09 03:14:45: Read more: https://nextjs.org/docs/messages/failed-to-find-server-action]
2026-08-09 03:14:46: [Error: Failed to find Server Action "7w". This request might be from an older or newer deployment.
2026-08-09 03:14:46: Read more: https://nextjs.org/docs/messages/failed-to-find-server-action]
2026-08-09 03:14:47: [Error: Failed to find Server Action "7w". This request might be from an older or newer deployment.
2026-08-09 03:14:47: Read more: https://nextjs.org/docs/messages/failed-to-find-server-action]
2026-08-09 03:14:47: [Error: Failed to find Server Action "7w". This request might be from an older or newer deployment.
2026-08-09 03:14:47: Read more: https://nextjs.org/docs/messages/failed-to-find-server-action]
2026-08-09 03:14:48: [Error: Failed to find Server Action "7w". This request might be from an older or newer deployment.
2026-08-09 03:14:48: Read more: https://nextjs.org/docs/messages/failed-to-find-server-action]
2026-08-09 03:14:48: [Error: Failed to find Server Action "7w". This request might be from an older or newer deployment.
2026-08-09 03:14:48: Read more: https://nextjs.org/docs/messages/failed-to-find-server-action]
2026-08-09 03:14:49: [Error: Failed to find Server Action "7w". This request might be from an older or newer deployment.
2026-08-09 03:14:49: Read more: https://nextjs.org/docs/messages/failed-to-find-server-action]
2026-08-09 03:14:50: [Error: Failed to find Server Action "7w". This request might be from an older or newer deployment.
2026-08-09 03:14:50: Read more: https://nextjs.org/docs/messages/failed-to-find-server-action]
2026-08-09 03:14:50: [Error: Failed to find Server Action "7w". This request might be from an older or newer deployment.
2026-08-09 03:14:50: Read more: https://nextjs.org/docs/messages/failed-to-find-server-action]
2026-08-09 03:14:51: [Error: Failed to find Server Action "7w". This request might be from an older or newer deployment.
2026-08-09 03:14:51: Read more: https://nextjs.org/docs/messages/failed-to-find-server-action]
2026-08-09 03:14:51: [Error: Failed to find Server Action "7w". This request might be from an older or newer deployment.
2026-08-09 03:14:51: Read more: https://nextjs.org/docs/messages/failed-to-find-server-action]
2026-08-09 03:14:52: [Error: Failed to find Server Action "7w". This request might be from an older or newer deployment.
2026-08-09 03:14:52: Read more: https://nextjs.org/docs/messages/failed-to-find-server-action]
2026-08-09 03:14:53: [Error: Failed to find Server Action "7w". This request might be from an older or newer deployment.
2026-08-09 03:14:53: Read more: https://nextjs.org/docs/messages/failed-to-find-server-action]
2026-08-09 03:14:53: [Error: Failed to find Server Action "7w". This request might be from an older or newer deployment.
2026-08-09 03:14:53: Read more: https://nextjs.org/docs/messages/failed-to-find-server-action]
2026-08-09 03:14:54: [Error: Failed to find Server Action "7w". This request might be from an older or newer deployment.
2026-08-09 03:14:54: Read more: https://nextjs.org/docs/messages/failed-to-find-server-action]
2026-08-09 03:29:51: [Error: Failed to find Server Action "x". This request might be from an older or newer deployment.
2026-08-09 03:29:51: Read more: https://nextjs.org/docs/messages/failed-to-find-server-action]
2026-08-09 03:29:52: [Error: Failed to find Server Action "x". This request might be from an older or newer deployment.
2026-08-09 03:29:52: Read more: https://nextjs.org/docs/messages/failed-to-find-server-action]
2026-08-09 03:29:53: [Error: Failed to find Server Action "x". This request might be from an older or newer deployment.
2026-08-09 03:29:53: Read more: https://nextjs.org/docs/messages/failed-to-find-server-action]
2026-08-09 03:29:53: [Error: Failed to find Server Action "x". This request might be from an older or newer deployment.
2026-08-09 03:29:53: Read more: https://nextjs.org/docs/messages/failed-to-find-server-action]
2026-08-09 03:29:54: [Error: Failed to find Server Action "x". This request might be from an older or newer deployment.
2026-08-09 03:29:54: Read more: https://nextjs.org/docs/messages/failed-to-find-server-action]
2026-08-09 03:29:55: [Error: Failed to find Server Action "x". This request might be from an older or newer deployment.
2026-08-09 03:29:55: Read more: https://nextjs.org/docs/messages/failed-to-find-server-action]
2026-08-09 04:00:56: [Error: Failed to find Server Action "72". This request might be from an older or newer deployment.
2026-08-09 04:00:56: Read more: https://nextjs.org/docs/messages/failed-to-find-server-action]
2026-08-09 04:00:57: [Error: Failed to find Server Action "72". This request might be from an older or newer deployment.
2026-08-09 04:00:57: Read more: https://nextjs.org/docs/messages/failed-to-find-server-action]
2026-08-09 04:00:58: [Error: Failed to find Server Action "72". This request might be from an older or newer deployment.
2026-08-09 04:00:58: Read more: https://nextjs.org/docs/messages/failed-to-find-server-action]
2026-08-09 04:00:58: [Error: Failed to find Server Action "72". This request might be from an older or newer deployment.
2026-08-09 04:00:58: Read more: https://nextjs.org/docs/messages/failed-to-find-server-action]
2026-08-09 04:00:59: [Error: Failed to find Server Action "72". This request might be from an older or newer deployment.
2026-08-09 04:00:59: Read more: https://nextjs.org/docs/messages/failed-to-find-server-action]
2026-08-09 04:00:59: [Error: Failed to find Server Action "72". This request might be from an older or newer deployment.
2026-08-09 04:00:59: Read more: https://nextjs.org/docs/messages/failed-to-find-server-action]
2026-08-09 04:01:00: [Error: Failed to find Server Action "72". This request might be from an older or newer deployment.
2026-08-09 04:01:00: Read more: https://nextjs.org/docs/messages/failed-to-find-server-action]
2026-08-09 04:01:01: [Error: Failed to find Server Action "72". This request might be from an older or newer deployment.
2026-08-09 04:01:01: Read more: https://nextjs.org/docs/messages/failed-to-find-server-action]
2026-08-09 04:01:01: [Error: Failed to find Server Action "72". This request might be from an older or newer deployment.
2026-08-09 04:01:01: Read more: https://nextjs.org/docs/messages/failed-to-find-server-action]
2026-08-09 04:01:02: [Error: Failed to find Server Action "72". This request might be from an older or newer deployment.
2026-08-09 04:01:02: Read more: https://nextjs.org/docs/messages/failed-to-find-server-action]
2026-08-09 04:01:02: [Error: Failed to find Server Action "72". This request might be from an older or newer deployment.
2026-08-09 04:01:02: Read more: https://nextjs.org/docs/messages/failed-to-find-server-action]
2026-08-09 04:01:03: [Error: Failed to find Server Action "72". This request might be from an older or newer deployment.
2026-08-09 04:01:03: Read more: https://nextjs.org/docs/messages/failed-to-find-server-action]
2026-08-09 04:01:04: [Error: Failed to find Server Action "72". This request might be from an older or newer deployment.
2026-08-09 04:01:04: Read more: https://nextjs.org/docs/messages/failed-to-find-server-action]
2026-08-09 04:01:04: [Error: Failed to find Server Action "72". This request might be from an older or newer deployment.
2026-08-09 04:01:04: Read more: https://nextjs.org/docs/messages/failed-to-find-server-action]
2026-08-09 04:01:05: [Error: Failed to find Server Action "72". This request might be from an older or newer deployment.
2026-08-09 04:01:05: Read more: https://nextjs.org/docs/messages/failed-to-find-server-action]
2026-08-09 04:01:05: [Error: Failed to find Server Action "72". This request might be from an older or newer deployment.
2026-08-09 04:01:05: Read more: https://nextjs.org/docs/messages/failed-to-find-server-action]
2026-08-09 04:01:06: [Error: Failed to find Server Action "72". This request might be from an older or newer deployment.
2026-08-09 04:01:06: Read more: https://nextjs.org/docs/messages/failed-to-find-server-action]
2026-08-09 07:15:12: [Error: Failed to find Server Action "rs". This request might be from an older or newer deployment.
2026-08-09 07:15:12: Read more: https://nextjs.org/docs/messages/failed-to-find-server-action]
2026-08-09 07:15:13: [Error: Failed to find Server Action "rs". This request might be from an older or newer deployment.
2026-08-09 07:15:13: Read more: https://nextjs.org/docs/messages/failed-to-find-server-action]
2026-08-09 07:15:13: [Error: Failed to find Server Action "rs". This request might be from an older or newer deployment.
2026-08-09 07:15:13: Read more: https://nextjs.org/docs/messages/failed-to-find-server-action]
2026-08-09 07:15:14: [Error: Failed to find Server Action "rs". This request might be from an older or newer deployment.
2026-08-09 07:15:14: Read more: https://nextjs.org/docs/messages/failed-to-find-server-action]
2026-08-09 07:15:14: [Error: Failed to find Server Action "rs". This request might be from an older or newer deployment.
2026-08-09 07:15:14: Read more: https://nextjs.org/docs/messages/failed-to-find-server-action]
2026-08-09 07:15:15: [Error: Failed to find Server Action "rs". This request might be from an older or newer deployment.
2026-08-09 07:15:15: Read more: https://nextjs.org/docs/messages/failed-to-find-server-action]
2026-08-09 07:15:16: [Error: Failed to find Server Action "rs". This request might be from an older or newer deployment.
2026-08-09 07:15:16: Read more: https://nextjs.org/docs/messages/failed-to-find-server-action]
2026-08-09 07:15:16: [Error: Failed to find Server Action "rs". This request might be from an older or newer deployment.
2026-08-09 07:15:16: Read more: https://nextjs.org/docs/messages/failed-to-find-server-action]
2026-08-09 07:15:17: [Error: Failed to find Server Action "rs". This request might be from an older or newer deployment.
2026-08-09 07:15:17: Read more: https://nextjs.org/docs/messages/failed-to-find-server-action]
2026-08-09 07:15:18: [Error: Failed to find Server Action "rs". This request might be from an older or newer deployment.
2026-08-09 07:15:18: Read more: https://nextjs.org/docs/messages/failed-to-find-server-action]
2026-08-09 07:15:18: [Error: Failed to find Server Action "rs". This request might be from an older or newer deployment.
2026-08-09 07:15:18: Read more: https://nextjs.org/docs/messages/failed-to-find-server-action]
2026-08-09 07:15:19: [Error: Failed to find Server Action "rs". This request might be from an older or newer deployment.
2026-08-09 07:15:19: Read more: https://nextjs.org/docs/messages/failed-to-find-server-action]
2026-08-09 07:15:19: [Error: Failed to find Server Action "rs". This request might be from an older or newer deployment.
2026-08-09 07:15:19: Read more: https://nextjs.org/docs/messages/failed-to-find-server-action]
2026-08-09 07:15:20: [Error: Failed to find Server Action "rs". This request might be from an older or newer deployment.
2026-08-09 07:15:20: Read more: https://nextjs.org/docs/messages/failed-to-find-server-action]
2026-08-09 07:15:20: [Error: Failed to find Server Action "rs". This request might be from an older or newer deployment.
2026-08-09 07:15:20: Read more: https://nextjs.org/docs/messages/failed-to-find-server-action]
2026-08-09 07:15:21: [Error: Failed to find Server Action "rs". This request might be from an older or newer deployment.
2026-08-09 07:15:21: Read more: https://nextjs.org/docs/messages/failed-to-find-server-action]
2026-08-09 07:15:22: [Error: Failed to find Server Action "rs". This request might be from an older or newer deployment.
2026-08-09 07:15:22: Read more: https://nextjs.org/docs/messages/failed-to-find-server-action]
2026-08-09 08:04:30: [Error: Failed to find Server Action "x". This request might be from an older or newer deployment.
2026-08-09 08:04:30: Read more: https://nextjs.org/docs/messages/failed-to-find-server-action]
2026-08-09 08:28:55: [Error: Failed to find Server Action "pv". This request might be from an older or newer deployment.
2026-08-09 08:28:55: Read more: https://nextjs.org/docs/messages/failed-to-find-server-action]
2026-08-09 08:28:56: [Error: Failed to find Server Action "pv". This request might be from an older or newer deployment.
2026-08-09 08:28:56: Read more: https://nextjs.org/docs/messages/failed-to-find-server-action]
2026-08-09 08:28:57: [Error: Failed to find Server Action "pv". This request might be from an older or newer deployment.
2026-08-09 08:28:57: Read more: https://nextjs.org/docs/messages/failed-to-find-server-action]
2026-08-09 08:28:58: [Error: Failed to find Server Action "pv". This request might be from an older or newer deployment.
2026-08-09 08:28:58: Read more: https://nextjs.org/docs/messages/failed-to-find-server-action]
2026-08-09 08:28:58: [Error: Failed to find Server Action "pv". This request might be from an older or newer deployment.
2026-08-09 08:28:58: Read more: https://nextjs.org/docs/messages/failed-to-find-server-action]
2026-08-09 08:28:59: [Error: Failed to find Server Action "pv". This request might be from an older or newer deployment.
2026-08-09 08:28:59: Read more: https://nextjs.org/docs/messages/failed-to-find-server-action]
2026-08-09 08:29:00: [Error: Failed to find Server Action "pv". This request might be from an older or newer deployment.
2026-08-09 08:29:00: Read more: https://nextjs.org/docs/messages/failed-to-find-server-action]
2026-08-09 08:29:00: [Error: Failed to find Server Action "pv". This request might be from an older or newer deployment.
2026-08-09 08:29:00: Read more: https://nextjs.org/docs/messages/failed-to-find-server-action]
2026-08-09 08:29:01: [Error: Failed to find Server Action "pv". This request might be from an older or newer deployment.
2026-08-09 08:29:01: Read more: https://nextjs.org/docs/messages/failed-to-find-server-action]
2026-08-09 08:29:01: [Error: Failed to find Server Action "pv". This request might be from an older or newer deployment.
2026-08-09 08:29:01: Read more: https://nextjs.org/docs/messages/failed-to-find-server-action]
2026-08-09 08:29:02: [Error: Failed to find Server Action "pv". This request might be from an older or newer deployment.
2026-08-09 08:29:02: Read more: https://nextjs.org/docs/messages/failed-to-find-server-action]
2026-08-09 08:29:02: [Error: Failed to find Server Action "pv". This request might be from an older or newer deployment.
2026-08-09 08:29:02: Read more: https://nextjs.org/docs/messages/failed-to-find-server-action]
2026-08-09 08:29:03: [Error: Failed to find Server Action "pv". This request might be from an older or newer deployment.
2026-08-09 08:29:03: Read more: https://nextjs.org/docs/messages/failed-to-find-server-action]
2026-08-09 08:29:04: [Error: Failed to find Server Action "pv". This request might be from an older or newer deployment.
2026-08-09 08:29:04: Read more: https://nextjs.org/docs/messages/failed-to-find-server-action]
2026-08-09 08:29:04: [Error: Failed to find Server Action "pv". This request might be from an older or newer deployment.
2026-08-09 08:29:04: Read more: https://nextjs.org/docs/messages/failed-to-find-server-action]
2026-08-09 08:29:05: [Error: Failed to find Server Action "pv". This request might be from an older or newer deployment.
2026-08-09 08:29:05: Read more: https://nextjs.org/docs/messages/failed-to-find-server-action]
2026-08-09 08:29:05: [Error: Failed to find Server Action "pv". This request might be from an older or newer deployment.
2026-08-09 08:29:05: Read more: https://nextjs.org/docs/messages/failed-to-find-server-action]
2026-08-09 10:08:59: [Error: Failed to find Server Action "x". This request might be from an older or newer deployment.
2026-08-09 10:08:59: Read more: https://nextjs.org/docs/messages/failed-to-find-server-action]
2026-08-09 10:40:27: [Error: Failed to find Server Action "db". This request might be from an older or newer deployment.
2026-08-09 10:40:27: Read more: https://nextjs.org/docs/messages/failed-to-find-server-action]
2026-08-09 10:40:28: [Error: Failed to find Server Action "db". This request might be from an older or newer deployment.
2026-08-09 10:40:28: Read more: https://nextjs.org/docs/messages/failed-to-find-server-action]
2026-08-09 10:40:29: [Error: Failed to find Server Action "db". This request might be from an older or newer deployment.
2026-08-09 10:40:29: Read more: https://nextjs.org/docs/messages/failed-to-find-server-action]
2026-08-09 10:40:29: [Error: Failed to find Server Action "db". This request might be from an older or newer deployment.
2026-08-09 10:40:29: Read more: https://nextjs.org/docs/messages/failed-to-find-server-action]
2026-08-09 10:40:30: [Error: Failed to find Server Action "db". This request might be from an older or newer deployment.
2026-08-09 10:40:30: Read more: https://nextjs.org/docs/messages/failed-to-find-server-action]
2026-08-09 10:40:31: [Error: Failed to find Server Action "db". This request might be from an older or newer deployment.
2026-08-09 10:40:31: Read more: https://nextjs.org/docs/messages/failed-to-find-server-action]
2026-08-09 10:40:32: [Error: Failed to find Server Action "db". This request might be from an older or newer deployment.
2026-08-09 10:40:32: Read more: https://nextjs.org/docs/messages/failed-to-find-server-action]
2026-08-09 10:40:32: [Error: Failed to find Server Action "db". This request might be from an older or newer deployment.
2026-08-09 10:40:32: Read more: https://nextjs.org/docs/messages/failed-to-find-server-action]
2026-08-09 10:40:33: [Error: Failed to find Server Action "db". This request might be from an older or newer deployment.
2026-08-09 10:40:33: Read more: https://nextjs.org/docs/messages/failed-to-find-server-action]
2026-08-09 10:40:33: [Error: Failed to find Server Action "db". This request might be from an older or newer deployment.
2026-08-09 10:40:33: Read more: https://nextjs.org/docs/messages/failed-to-find-server-action]
2026-08-09 10:40:34: [Error: Failed to find Server Action "db". This request might be from an older or newer deployment.
2026-08-09 10:40:34: Read more: https://nextjs.org/docs/messages/failed-to-find-server-action]
2026-08-09 10:40:34: [Error: Failed to find Server Action "db". This request might be from an older or newer deployment.
2026-08-09 10:40:34: Read more: https://nextjs.org/docs/messages/failed-to-find-server-action]
2026-08-09 10:40:35: [Error: Failed to find Server Action "db". This request might be from an older or newer deployment.
2026-08-09 10:40:35: Read more: https://nextjs.org/docs/messages/failed-to-find-server-action]
2026-08-09 10:40:35: [Error: Failed to find Server Action "db". This request might be from an older or newer deployment.
2026-08-09 10:40:35: Read more: https://nextjs.org/docs/messages/failed-to-find-server-action]
2026-08-09 10:40:36: [Error: Failed to find Server Action "db". This request might be from an older or newer deployment.
2026-08-09 10:40:36: Read more: https://nextjs.org/docs/messages/failed-to-find-server-action]
2026-08-09 10:40:37: [Error: Failed to find Server Action "db". This request might be from an older or newer deployment.
2026-08-09 10:40:37: Read more: https://nextjs.org/docs/messages/failed-to-find-server-action]
2026-08-09 10:40:38: [Error: Failed to find Server Action "db". This request might be from an older or newer deployment.
2026-08-09 10:40:38: Read more: https://nextjs.org/docs/messages/failed-to-find-server-action]
2026-08-09 12:20:24: [Error: Failed to find Server Action "0l". This request might be from an older or newer deployment.
2026-08-09 12:20:24: Read more: https://nextjs.org/docs/messages/failed-to-find-server-action]
2026-08-09 12:20:25: [Error: Failed to find Server Action "0l". This request might be from an older or newer deployment.
2026-08-09 12:20:25: Read more: https://nextjs.org/docs/messages/failed-to-find-server-action]
2026-08-09 12:20:26: [Error: Failed to find Server Action "0l". This request might be from an older or newer deployment.
2026-08-09 12:20:26: Read more: https://nextjs.org/docs/messages/failed-to-find-server-action]
2026-08-09 12:20:26: [Error: Failed to find Server Action "0l". This request might be from an older or newer deployment.
2026-08-09 12:20:26: Read more: https://nextjs.org/docs/messages/failed-to-find-server-action]
2026-08-09 12:20:27: [Error: Failed to find Server Action "0l". This request might be from an older or newer deployment.
2026-08-09 12:20:27: Read more: https://nextjs.org/docs/messages/failed-to-find-server-action]
2026-08-09 12:20:27: [Error: Failed to find Server Action "0l". This request might be from an older or newer deployment.
2026-08-09 12:20:27: Read more: https://nextjs.org/docs/messages/failed-to-find-server-action]
2026-08-09 12:20:28: [Error: Failed to find Server Action "0l". This request might be from an older or newer deployment.
2026-08-09 12:20:28: Read more: https://nextjs.org/docs/messages/failed-to-find-server-action]
2026-08-09 12:20:29: [Error: Failed to find Server Action "0l". This request might be from an older or newer deployment.
2026-08-09 12:20:29: Read more: https://nextjs.org/docs/messages/failed-to-find-server-action]
2026-08-09 12:20:29: [Error: Failed to find Server Action "0l". This request might be from an older or newer deployment.
2026-08-09 12:20:29: Read more: https://nextjs.org/docs/messages/failed-to-find-server-action]
2026-08-09 12:20:30: [Error: Failed to find Server Action "0l". This request might be from an older or newer deployment.
2026-08-09 12:20:30: Read more: https://nextjs.org/docs/messages/failed-to-find-server-action]
2026-08-09 12:20:30: [Error: Failed to find Server Action "0l". This request might be from an older or newer deployment.
2026-08-09 12:20:30: Read more: https://nextjs.org/docs/messages/failed-to-find-server-action]
2026-08-09 12:20:31: [Error: Failed to find Server Action "0l". This request might be from an older or newer deployment.
2026-08-09 12:20:31: Read more: https://nextjs.org/docs/messages/failed-to-find-server-action]
2026-08-09 12:20:32: [Error: Failed to find Server Action "0l". This request might be from an older or newer deployment.
2026-08-09 12:20:32: Read more: https://nextjs.org/docs/messages/failed-to-find-server-action]
2026-08-09 12:20:32: [Error: Failed to find Server Action "0l". This request might be from an older or newer deployment.
2026-08-09 12:20:32: Read more: https://nextjs.org/docs/messages/failed-to-find-server-action]
2026-08-09 12:20:33: [Error: Failed to find Server Action "0l". This request might be from an older or newer deployment.
2026-08-09 12:20:33: Read more: https://nextjs.org/docs/messages/failed-to-find-server-action]
2026-08-09 12:20:33: [Error: Failed to find Server Action "0l". This request might be from an older or newer deployment.
2026-08-09 12:20:33: Read more: https://nextjs.org/docs/messages/failed-to-find-server-action]
2026-08-09 12:20:34: [Error: Failed to find Server Action "0l". This request might be from an older or newer deployment.
2026-08-09 12:20:34: Read more: https://nextjs.org/docs/messages/failed-to-find-server-action]
2026-08-09 13:12:06: [Error: Failed to find Server Action "hm". This request might be from an older or newer deployment.
2026-08-09 13:12:06: Read more: https://nextjs.org/docs/messages/failed-to-find-server-action]
2026-08-09 13:12:07: [Error: Failed to find Server Action "hm". This request might be from an older or newer deployment.
2026-08-09 13:12:07: Read more: https://nextjs.org/docs/messages/failed-to-find-server-action]
2026-08-09 13:12:07: [Error: Failed to find Server Action "hm". This request might be from an older or newer deployment.
2026-08-09 13:12:07: Read more: https://nextjs.org/docs/messages/failed-to-find-server-action]
2026-08-09 13:12:08: [Error: Failed to find Server Action "hm". This request might be from an older or newer deployment.
2026-08-09 13:12:08: Read more: https://nextjs.org/docs/messages/failed-to-find-server-action]
2026-08-09 13:12:09: [Error: Failed to find Server Action "hm". This request might be from an older or newer deployment.
2026-08-09 13:12:09: Read more: https://nextjs.org/docs/messages/failed-to-find-server-action]
2026-08-09 13:12:09: [Error: Failed to find Server Action "hm". This request might be from an older or newer deployment.
2026-08-09 13:12:09: Read more: https://nextjs.org/docs/messages/failed-to-find-server-action]
2026-08-09 13:12:10: [Error: Failed to find Server Action "hm". This request might be from an older or newer deployment.
2026-08-09 13:12:10: Read more: https://nextjs.org/docs/messages/failed-to-find-server-action]
2026-08-09 13:12:10: [Error: Failed to find Server Action "hm". This request might be from an older or newer deployment.
2026-08-09 13:12:10: Read more: https://nextjs.org/docs/messages/failed-to-find-server-action]
2026-08-09 13:12:11: [Error: Failed to find Server Action "hm". This request might be from an older or newer deployment.
2026-08-09 13:12:11: Read more: https://nextjs.org/docs/messages/failed-to-find-server-action]
2026-08-09 13:12:12: [Error: Failed to find Server Action "hm". This request might be from an older or newer deployment.
2026-08-09 13:12:12: Read more: https://nextjs.org/docs/messages/failed-to-find-server-action]
2026-08-09 13:12:13: [Error: Failed to find Server Action "hm". This request might be from an older or newer deployment.
2026-08-09 13:12:13: Read more: https://nextjs.org/docs/messages/failed-to-find-server-action]
2026-08-09 13:12:13: [Error: Failed to find Server Action "hm". This request might be from an older or newer deployment.
2026-08-09 13:12:13: Read more: https://nextjs.org/docs/messages/failed-to-find-server-action]
2026-08-09 13:12:14: [Error: Failed to find Server Action "hm". This request might be from an older or newer deployment.
2026-08-09 13:12:14: Read more: https://nextjs.org/docs/messages/failed-to-find-server-action]
2026-08-09 13:12:14: [Error: Failed to find Server Action "hm". This request might be from an older or newer deployment.
2026-08-09 13:12:14: Read more: https://nextjs.org/docs/messages/failed-to-find-server-action]
2026-08-09 13:12:15: [Error: Failed to find Server Action "hm". This request might be from an older or newer deployment.
2026-08-09 13:12:15: Read more: https://nextjs.org/docs/messages/failed-to-find-server-action]
2026-08-09 13:12:16: [Error: Failed to find Server Action "hm". This request might be from an older or newer deployment.
2026-08-09 13:12:16: Read more: https://nextjs.org/docs/messages/failed-to-find-server-action]
2026-08-09 13:12:16: [Error: Failed to find Server Action "hm". This request might be from an older or newer deployment.
2026-08-09 13:12:16: Read more: https://nextjs.org/docs/messages/failed-to-find-server-action]
2026-08-09 16:00:44: [Error: Failed to find Server Action "x". This request might be from an older or newer deployment.
2026-08-09 16:00:44: Read more: https://nextjs.org/docs/messages/failed-to-find-server-action]
2026-08-09 16:00:45: [Error: Failed to find Server Action "x". This request might be from an older or newer deployment.
2026-08-09 16:00:45: Read more: https://nextjs.org/docs/messages/failed-to-find-server-action]
2026-08-09 16:00:46: [Error: Failed to find Server Action "x". This request might be from an older or newer deployment.
2026-08-09 16:00:46: Read more: https://nextjs.org/docs/messages/failed-to-find-server-action]
2026-08-09 16:00:46: [Error: Failed to find Server Action "x". This request might be from an older or newer deployment.
2026-08-09 16:00:46: Read more: https://nextjs.org/docs/messages/failed-to-find-server-action]
2026-08-09 16:00:48: [Error: Failed to find Server Action "x". This request might be from an older or newer deployment.
2026-08-09 16:00:48: Read more: https://nextjs.org/docs/messages/failed-to-find-server-action]
2026-08-09 16:00:49: [Error: Failed to find Server Action "x". This request might be from an older or newer deployment.
2026-08-09 16:00:49: Read more: https://nextjs.org/docs/messages/failed-to-find-server-action]
2026-08-09 16:39:11: [Error: Failed to find Server Action "x". This request might be from an older or newer deployment.
2026-08-09 16:39:11: Read more: https://nextjs.org/docs/messages/failed-to-find-server-action]
2026-08-09 16:45:44: [Error: Failed to find Server Action "s7". This request might be from an older or newer deployment.
2026-08-09 16:45:44: Read more: https://nextjs.org/docs/messages/failed-to-find-server-action]
2026-08-09 16:45:45: [Error: Failed to find Server Action "s7". This request might be from an older or newer deployment.
2026-08-09 16:45:45: Read more: https://nextjs.org/docs/messages/failed-to-find-server-action]
2026-08-09 16:45:47: [Error: Failed to find Server Action "s7". This request might be from an older or newer deployment.
2026-08-09 16:45:47: Read more: https://nextjs.org/docs/messages/failed-to-find-server-action]
2026-08-09 16:45:47: [Error: Failed to find Server Action "s7". This request might be from an older or newer deployment.
2026-08-09 16:45:47: Read more: https://nextjs.org/docs/messages/failed-to-find-server-action]
2026-08-09 16:45:48: [Error: Failed to find Server Action "s7". This request might be from an older or newer deployment.
2026-08-09 16:45:48: Read more: https://nextjs.org/docs/messages/failed-to-find-server-action]
2026-08-09 16:45:48: [Error: Failed to find Server Action "s7". This request might be from an older or newer deployment.
2026-08-09 16:45:48: Read more: https://nextjs.org/docs/messages/failed-to-find-server-action]
2026-08-09 16:45:49: [Error: Failed to find Server Action "s7". This request might be from an older or newer deployment.
2026-08-09 16:45:49: Read more: https://nextjs.org/docs/messages/failed-to-find-server-action]
2026-08-09 16:45:49: [Error: Failed to find Server Action "s7". This request might be from an older or newer deployment.
2026-08-09 16:45:49: Read more: https://nextjs.org/docs/messages/failed-to-find-server-action]
2026-08-09 16:45:50: [Error: Failed to find Server Action "s7". This request might be from an older or newer deployment.
2026-08-09 16:45:50: Read more: https://nextjs.org/docs/messages/failed-to-find-server-action]
2026-08-09 16:45:51: [Error: Failed to find Server Action "s7". This request might be from an older or newer deployment.
2026-08-09 16:45:51: Read more: https://nextjs.org/docs/messages/failed-to-find-server-action]
2026-08-09 16:45:51: [Error: Failed to find Server Action "s7". This request might be from an older or newer deployment.
2026-08-09 16:45:51: Read more: https://nextjs.org/docs/messages/failed-to-find-server-action]
2026-08-09 16:45:52: [Error: Failed to find Server Action "s7". This request might be from an older or newer deployment.
2026-08-09 16:45:52: Read more: https://nextjs.org/docs/messages/failed-to-find-server-action]
2026-08-09 16:45:53: [Error: Failed to find Server Action "s7". This request might be from an older or newer deployment.
2026-08-09 16:45:53: Read more: https://nextjs.org/docs/messages/failed-to-find-server-action]
2026-08-09 16:45:53: [Error: Failed to find Server Action "s7". This request might be from an older or newer deployment.
2026-08-09 16:45:53: Read more: https://nextjs.org/docs/messages/failed-to-find-server-action]
2026-08-09 16:45:54: [Error: Failed to find Server Action "s7". This request might be from an older or newer deployment.
2026-08-09 16:45:54: Read more: https://nextjs.org/docs/messages/failed-to-find-server-action]
2026-08-09 16:45:54: [Error: Failed to find Server Action "s7". This request might be from an older or newer deployment.
2026-08-09 16:45:54: Read more: https://nextjs.org/docs/messages/failed-to-find-server-action]
2026-08-09 16:45:55: [Error: Failed to find Server Action "s7". This request might be from an older or newer deployment.
2026-08-09 16:45:55: Read more: https://nextjs.org/docs/messages/failed-to-find-server-action]
2026-08-09 17:01:23: [Error: Failed to find Server Action "bx". This request might be from an older or newer deployment.
2026-08-09 17:01:23: Read more: https://nextjs.org/docs/messages/failed-to-find-server-action]
2026-08-09 17:01:24: [Error: Failed to find Server Action "bx". This request might be from an older or newer deployment.
2026-08-09 17:01:24: Read more: https://nextjs.org/docs/messages/failed-to-find-server-action]
2026-08-09 17:01:25: [Error: Failed to find Server Action "bx". This request might be from an older or newer deployment.
2026-08-09 17:01:25: Read more: https://nextjs.org/docs/messages/failed-to-find-server-action]
2026-08-09 17:01:26: [Error: Failed to find Server Action "bx". This request might be from an older or newer deployment.
2026-08-09 17:01:26: Read more: https://nextjs.org/docs/messages/failed-to-find-server-action]
2026-08-09 17:01:26: [Error: Failed to find Server Action "bx". This request might be from an older or newer deployment.
2026-08-09 17:01:26: Read more: https://nextjs.org/docs/messages/failed-to-find-server-action]
2026-08-09 17:01:27: [Error: Failed to find Server Action "bx". This request might be from an older or newer deployment.
2026-08-09 17:01:27: Read more: https://nextjs.org/docs/messages/failed-to-find-server-action]
2026-08-09 17:01:27: [Error: Failed to find Server Action "bx". This request might be from an older or newer deployment.
2026-08-09 17:01:27: Read more: https://nextjs.org/docs/messages/failed-to-find-server-action]
2026-08-09 17:01:28: [Error: Failed to find Server Action "bx". This request might be from an older or newer deployment.
2026-08-09 17:01:28: Read more: https://nextjs.org/docs/messages/failed-to-find-server-action]
2026-08-09 17:01:29: [Error: Failed to find Server Action "bx". This request might be from an older or newer deployment.
2026-08-09 17:01:29: Read more: https://nextjs.org/docs/messages/failed-to-find-server-action]
2026-08-09 17:01:29: [Error: Failed to find Server Action "bx". This request might be from an older or newer deployment.
2026-08-09 17:01:29: Read more: https://nextjs.org/docs/messages/failed-to-find-server-action]
2026-08-09 17:01:30: [Error: Failed to find Server Action "bx". This request might be from an older or newer deployment.
2026-08-09 17:01:30: Read more: https://nextjs.org/docs/messages/failed-to-find-server-action]
2026-08-09 17:01:30: [Error: Failed to find Server Action "bx". This request might be from an older or newer deployment.
2026-08-09 17:01:30: Read more: https://nextjs.org/docs/messages/failed-to-find-server-action]
2026-08-09 17:01:31: [Error: Failed to find Server Action "bx". This request might be from an older or newer deployment.
2026-08-09 17:01:31: Read more: https://nextjs.org/docs/messages/failed-to-find-server-action]
2026-08-09 17:01:32: [Error: Failed to find Server Action "bx". This request might be from an older or newer deployment.
2026-08-09 17:01:32: Read more: https://nextjs.org/docs/messages/failed-to-find-server-action]
2026-08-09 17:01:32: [Error: Failed to find Server Action "bx". This request might be from an older or newer deployment.
2026-08-09 17:01:32: Read more: https://nextjs.org/docs/messages/failed-to-find-server-action]
2026-08-09 17:01:33: [Error: Failed to find Server Action "bx". This request might be from an older or newer deployment.
2026-08-09 17:01:33: Read more: https://nextjs.org/docs/messages/failed-to-find-server-action]
2026-08-09 17:01:33: [Error: Failed to find Server Action "bx". This request might be from an older or newer deployment.
2026-08-09 17:01:33: Read more: https://nextjs.org/docs/messages/failed-to-find-server-action]
2026-08-09 18:56:34: [Error: Failed to find Server Action "yk". This request might be from an older or newer deployment.
2026-08-09 18:56:34: Read more: https://nextjs.org/docs/messages/failed-to-find-server-action]
2026-08-09 18:56:35: [Error: Failed to find Server Action "yk". This request might be from an older or newer deployment.
2026-08-09 18:56:35: Read more: https://nextjs.org/docs/messages/failed-to-find-server-action]
2026-08-09 18:56:37: [Error: Failed to find Server Action "yk". This request might be from an older or newer deployment.
2026-08-09 18:56:37: Read more: https://nextjs.org/docs/messages/failed-to-find-server-action]
2026-08-09 18:56:37: [Error: Failed to find Server Action "yk". This request might be from an older or newer deployment.
2026-08-09 18:56:37: Read more: https://nextjs.org/docs/messages/failed-to-find-server-action]
2026-08-09 18:56:38: [Error: Failed to find Server Action "yk". This request might be from an older or newer deployment.
2026-08-09 18:56:38: Read more: https://nextjs.org/docs/messages/failed-to-find-server-action]
2026-08-09 18:56:38: [Error: Failed to find Server Action "yk". This request might be from an older or newer deployment.
2026-08-09 18:56:38: Read more: https://nextjs.org/docs/messages/failed-to-find-server-action]
2026-08-09 18:56:39: [Error: Failed to find Server Action "yk". This request might be from an older or newer deployment.
2026-08-09 18:56:39: Read more: https://nextjs.org/docs/messages/failed-to-find-server-action]
2026-08-09 18:56:40: [Error: Failed to find Server Action "yk". This request might be from an older or newer deployment.
2026-08-09 18:56:40: Read more: https://nextjs.org/docs/messages/failed-to-find-server-action]
2026-08-09 18:56:40: [Error: Failed to find Server Action "yk". This request might be from an older or newer deployment.
2026-08-09 18:56:40: Read more: https://nextjs.org/docs/messages/failed-to-find-server-action]
2026-08-09 18:56:41: [Error: Failed to find Server Action "yk". This request might be from an older or newer deployment.
2026-08-09 18:56:41: Read more: https://nextjs.org/docs/messages/failed-to-find-server-action]
2026-08-09 18:56:42: [Error: Failed to find Server Action "yk". This request might be from an older or newer deployment.
2026-08-09 18:56:42: Read more: https://nextjs.org/docs/messages/failed-to-find-server-action]
2026-08-09 18:56:42: [Error: Failed to find Server Action "yk". This request might be from an older or newer deployment.
2026-08-09 18:56:42: Read more: https://nextjs.org/docs/messages/failed-to-find-server-action]
2026-08-09 18:56:43: [Error: Failed to find Server Action "yk". This request might be from an older or newer deployment.
2026-08-09 18:56:43: Read more: https://nextjs.org/docs/messages/failed-to-find-server-action]
2026-08-09 18:56:43: [Error: Failed to find Server Action "yk". This request might be from an older or newer deployment.
2026-08-09 18:56:43: Read more: https://nextjs.org/docs/messages/failed-to-find-server-action]
2026-08-09 18:56:44: [Error: Failed to find Server Action "yk". This request might be from an older or newer deployment.
2026-08-09 18:56:44: Read more: https://nextjs.org/docs/messages/failed-to-find-server-action]
2026-08-09 18:56:44: [Error: Failed to find Server Action "yk". This request might be from an older or newer deployment.
2026-08-09 18:56:44: Read more: https://nextjs.org/docs/messages/failed-to-find-server-action]
2026-08-09 18:56:45: [Error: Failed to find Server Action "yk". This request might be from an older or newer deployment.
2026-08-09 18:56:45: Read more: https://nextjs.org/docs/messages/failed-to-find-server-action]
2026-08-09 22:01:24: [Error: Failed to find Server Action "jf". This request might be from an older or newer deployment.
2026-08-09 22:01:24: Read more: https://nextjs.org/docs/messages/failed-to-find-server-action]
2026-08-09 22:01:25: [Error: Failed to find Server Action "jf". This request might be from an older or newer deployment.
2026-08-09 22:01:25: Read more: https://nextjs.org/docs/messages/failed-to-find-server-action]
2026-08-09 22:01:25: [Error: Failed to find Server Action "jf". This request might be from an older or newer deployment.
2026-08-09 22:01:25: Read more: https://nextjs.org/docs/messages/failed-to-find-server-action]
2026-08-09 22:01:26: [Error: Failed to find Server Action "jf". This request might be from an older or newer deployment.
2026-08-09 22:01:26: Read more: https://nextjs.org/docs/messages/failed-to-find-server-action]
2026-08-09 22:01:27: [Error: Failed to find Server Action "jf". This request might be from an older or newer deployment.
2026-08-09 22:01:27: Read more: https://nextjs.org/docs/messages/failed-to-find-server-action]
2026-08-09 22:01:27: [Error: Failed to find Server Action "jf". This request might be from an older or newer deployment.
2026-08-09 22:01:27: Read more: https://nextjs.org/docs/messages/failed-to-find-server-action]
2026-08-09 22:01:28: [Error: Failed to find Server Action "jf". This request might be from an older or newer deployment.
2026-08-09 22:01:28: Read more: https://nextjs.org/docs/messages/failed-to-find-server-action]
2026-08-09 22:01:29: [Error: Failed to find Server Action "jf". This request might be from an older or newer deployment.
2026-08-09 22:01:29: Read more: https://nextjs.org/docs/messages/failed-to-find-server-action]
2026-08-09 22:01:30: [Error: Failed to find Server Action "jf". This request might be from an older or newer deployment.
2026-08-09 22:01:30: Read more: https://nextjs.org/docs/messages/failed-to-find-server-action]
2026-08-09 22:01:31: [Error: Failed to find Server Action "jf". This request might be from an older or newer deployment.
2026-08-09 22:01:31: Read more: https://nextjs.org/docs/messages/failed-to-find-server-action]
2026-08-09 22:01:31: [Error: Failed to find Server Action "jf". This request might be from an older or newer deployment.
2026-08-09 22:01:31: Read more: https://nextjs.org/docs/messages/failed-to-find-server-action]
2026-08-09 22:01:32: [Error: Failed to find Server Action "jf". This request might be from an older or newer deployment.
2026-08-09 22:01:32: Read more: https://nextjs.org/docs/messages/failed-to-find-server-action]
2026-08-09 22:01:33: [Error: Failed to find Server Action "jf". This request might be from an older or newer deployment.
2026-08-09 22:01:33: Read more: https://nextjs.org/docs/messages/failed-to-find-server-action]
2026-08-09 22:01:33: [Error: Failed to find Server Action "jf". This request might be from an older or newer deployment.
2026-08-09 22:01:33: Read more: https://nextjs.org/docs/messages/failed-to-find-server-action]
2026-08-09 22:01:35: [Error: Failed to find Server Action "jf". This request might be from an older or newer deployment.
2026-08-09 22:01:35: Read more: https://nextjs.org/docs/messages/failed-to-find-server-action]
2026-08-09 22:01:35: [Error: Failed to find Server Action "jf". This request might be from an older or newer deployment.
2026-08-09 22:01:35: Read more: https://nextjs.org/docs/messages/failed-to-find-server-action]
2026-08-09 22:01:36: [Error: Failed to find Server Action "jf". This request might be from an older or newer deployment.
2026-08-09 22:01:36: Read more: https://nextjs.org/docs/messages/failed-to-find-server-action]
2026-08-09 22:50:05: [Error: Failed to find Server Action "x". This request might be from an older or newer deployment.
2026-08-09 22:50:05: Read more: https://nextjs.org/docs/messages/failed-to-find-server-action]
2026-08-09 22:50:09: [Error: Failed to find Server Action "x". This request might be from an older or newer deployment.
2026-08-09 22:50:09: Read more: https://nextjs.org/docs/messages/failed-to-find-server-action]
2026-08-09 22:50:13: [Error: Failed to find Server Action "x". This request might be from an older or newer deployment.
2026-08-09 22:50:13: Read more: https://nextjs.org/docs/messages/failed-to-find-server-action]
2026-08-09 22:50:17: [Error: Failed to find Server Action "x". This request might be from an older or newer deployment.
2026-08-09 22:50:17: Read more: https://nextjs.org/docs/messages/failed-to-find-server-action]
2026-08-09 22:50:21: [Error: Failed to find Server Action "x". This request might be from an older or newer deployment.
2026-08-09 22:50:21: Read more: https://nextjs.org/docs/messages/failed-to-find-server-action]
2026-08-09 23:54:38: [Error: Failed to find Server Action "wm". This request might be from an older or newer deployment.
2026-08-09 23:54:38: Read more: https://nextjs.org/docs/messages/failed-to-find-server-action]
2026-08-09 23:54:39: [Error: Failed to find Server Action "wm". This request might be from an older or newer deployment.
2026-08-09 23:54:39: Read more: https://nextjs.org/docs/messages/failed-to-find-server-action]
2026-08-09 23:54:40: [Error: Failed to find Server Action "wm". This request might be from an older or newer deployment.
2026-08-09 23:54:40: Read more: https://nextjs.org/docs/messages/failed-to-find-server-action]
2026-08-09 23:54:41: [Error: Failed to find Server Action "wm". This request might be from an older or newer deployment.
2026-08-09 23:54:41: Read more: https://nextjs.org/docs/messages/failed-to-find-server-action]
2026-08-09 23:54:41: [Error: Failed to find Server Action "wm". This request might be from an older or newer deployment.
2026-08-09 23:54:41: Read more: https://nextjs.org/docs/messages/failed-to-find-server-action]
2026-08-09 23:54:42: [Error: Failed to find Server Action "wm". This request might be from an older or newer deployment.
2026-08-09 23:54:42: Read more: https://nextjs.org/docs/messages/failed-to-find-server-action]
2026-08-09 23:54:43: [Error: Failed to find Server Action "wm". This request might be from an older or newer deployment.
2026-08-09 23:54:43: Read more: https://nextjs.org/docs/messages/failed-to-find-server-action]
2026-08-09 23:54:43: [Error: Failed to find Server Action "wm". This request might be from an older or newer deployment.
2026-08-09 23:54:43: Read more: https://nextjs.org/docs/messages/failed-to-find-server-action]
2026-08-09 23:54:44: [Error: Failed to find Server Action "wm". This request might be from an older or newer deployment.
2026-08-09 23:54:44: Read more: https://nextjs.org/docs/messages/failed-to-find-server-action]
2026-08-09 23:54:45: [Error: Failed to find Server Action "wm". This request might be from an older or newer deployment.
2026-08-09 23:54:45: Read more: https://nextjs.org/docs/messages/failed-to-find-server-action]
2026-08-09 23:54:45: [Error: Failed to find Server Action "wm". This request might be from an older or newer deployment.
2026-08-09 23:54:45: Read more: https://nextjs.org/docs/messages/failed-to-find-server-action]
2026-08-09 23:54:46: [Error: Failed to find Server Action "wm". This request might be from an older or newer deployment.
2026-08-09 23:54:46: Read more: https://nextjs.org/docs/messages/failed-to-find-server-action]
2026-08-09 23:54:46: [Error: Failed to find Server Action "wm". This request might be from an older or newer deployment.
2026-08-09 23:54:46: Read more: https://nextjs.org/docs/messages/failed-to-find-server-action]
2026-08-09 23:54:47: [Error: Failed to find Server Action "wm". This request might be from an older or newer deployment.
2026-08-09 23:54:47: Read more: https://nextjs.org/docs/messages/failed-to-find-server-action]
2026-08-09 23:54:48: [Error: Failed to find Server Action "wm". This request might be from an older or newer deployment.
2026-08-09 23:54:48: Read more: https://nextjs.org/docs/messages/failed-to-find-server-action]
2026-08-09 23:54:49: [Error: Failed to find Server Action "wm". This request might be from an older or newer deployment.
2026-08-09 23:54:49: Read more: https://nextjs.org/docs/messages/failed-to-find-server-action]
2026-08-09 23:54:50: [Error: Failed to find Server Action "wm". This request might be from an older or newer deployment.
2026-08-09 23:54:50: Read more: https://nextjs.org/docs/messages/failed-to-find-server-action]
2026-08-10 00:32:29: [Error: Failed to find Server Action "x". This request might be from an older or newer deployment.
2026-08-10 00:32:29: Read more: https://nextjs.org/docs/messages/failed-to-find-server-action]
2026-08-10 01:10:55: [Error: Failed to find Server Action "vi". This request might be from an older or newer deployment.
2026-08-10 01:10:55: Read more: https://nextjs.org/docs/messages/failed-to-find-server-action]
2026-08-10 01:10:56: [Error: Failed to find Server Action "vi". This request might be from an older or newer deployment.
2026-08-10 01:10:56: Read more: https://nextjs.org/docs/messages/failed-to-find-server-action]
2026-08-10 01:10:56: [Error: Failed to find Server Action "vi". This request might be from an older or newer deployment.
2026-08-10 01:10:56: Read more: https://nextjs.org/docs/messages/failed-to-find-server-action]
2026-08-10 01:10:57: [Error: Failed to find Server Action "vi". This request might be from an older or newer deployment.
2026-08-10 01:10:57: Read more: https://nextjs.org/docs/messages/failed-to-find-server-action]
2026-08-10 01:10:58: [Error: Failed to find Server Action "vi". This request might be from an older or newer deployment.
2026-08-10 01:10:58: Read more: https://nextjs.org/docs/messages/failed-to-find-server-action]
2026-08-10 01:10:58: [Error: Failed to find Server Action "vi". This request might be from an older or newer deployment.
2026-08-10 01:10:58: Read more: https://nextjs.org/docs/messages/failed-to-find-server-action]
2026-08-10 01:10:59: [Error: Failed to find Server Action "vi". This request might be from an older or newer deployment.
2026-08-10 01:10:59: Read more: https://nextjs.org/docs/messages/failed-to-find-server-action]
2026-08-10 01:10:59: [Error: Failed to find Server Action "vi". This request might be from an older or newer deployment.
2026-08-10 01:10:59: Read more: https://nextjs.org/docs/messages/failed-to-find-server-action]
2026-08-10 01:11:00: [Error: Failed to find Server Action "vi". This request might be from an older or newer deployment.
2026-08-10 01:11:00: Read more: https://nextjs.org/docs/messages/failed-to-find-server-action]
2026-08-10 01:11:01: [Error: Failed to find Server Action "vi". This request might be from an older or newer deployment.
2026-08-10 01:11:01: Read more: https://nextjs.org/docs/messages/failed-to-find-server-action]
2026-08-10 01:11:02: [Error: Failed to find Server Action "vi". This request might be from an older or newer deployment.
2026-08-10 01:11:02: Read more: https://nextjs.org/docs/messages/failed-to-find-server-action]
2026-08-10 01:11:03: [Error: Failed to find Server Action "vi". This request might be from an older or newer deployment.
2026-08-10 01:11:03: Read more: https://nextjs.org/docs/messages/failed-to-find-server-action]
2026-08-10 01:11:04: [Error: Failed to find Server Action "vi". This request might be from an older or newer deployment.
2026-08-10 01:11:04: Read more: https://nextjs.org/docs/messages/failed-to-find-server-action]
2026-08-10 01:11:05: [Error: Failed to find Server Action "vi". This request might be from an older or newer deployment.
2026-08-10 01:11:05: Read more: https://nextjs.org/docs/messages/failed-to-find-server-action]
2026-08-10 01:11:05: [Error: Failed to find Server Action "vi". This request might be from an older or newer deployment.
2026-08-10 01:11:05: Read more: https://nextjs.org/docs/messages/failed-to-find-server-action]
2026-08-10 01:11:06: [Error: Failed to find Server Action "vi". This request might be from an older or newer deployment.
2026-08-10 01:11:06: Read more: https://nextjs.org/docs/messages/failed-to-find-server-action]
2026-08-10 01:11:06: [Error: Failed to find Server Action "vi". This request might be from an older or newer deployment.
2026-08-10 01:11:06: Read more: https://nextjs.org/docs/messages/failed-to-find-server-action]
2026-08-10 02:09:23: [Error: Failed to find Server Action "ve". This request might be from an older or newer deployment.
2026-08-10 02:09:23: Read more: https://nextjs.org/docs/messages/failed-to-find-server-action]
2026-08-10 02:09:24: [Error: Failed to find Server Action "ve". This request might be from an older or newer deployment.
2026-08-10 02:09:24: Read more: https://nextjs.org/docs/messages/failed-to-find-server-action]
2026-08-10 02:09:24: [Error: Failed to find Server Action "ve". This request might be from an older or newer deployment.
2026-08-10 02:09:24: Read more: https://nextjs.org/docs/messages/failed-to-find-server-action]
2026-08-10 02:09:25: [Error: Failed to find Server Action "ve". This request might be from an older or newer deployment.
2026-08-10 02:09:25: Read more: https://nextjs.org/docs/messages/failed-to-find-server-action]
2026-08-10 02:09:25: [Error: Failed to find Server Action "ve". This request might be from an older or newer deployment.
2026-08-10 02:09:25: Read more: https://nextjs.org/docs/messages/failed-to-find-server-action]
2026-08-10 02:09:26: [Error: Failed to find Server Action "ve". This request might be from an older or newer deployment.
2026-08-10 02:09:26: Read more: https://nextjs.org/docs/messages/failed-to-find-server-action]
2026-08-10 02:09:26: [Error: Failed to find Server Action "ve". This request might be from an older or newer deployment.
2026-08-10 02:09:26: Read more: https://nextjs.org/docs/messages/failed-to-find-server-action]
2026-08-10 02:09:27: [Error: Failed to find Server Action "ve". This request might be from an older or newer deployment.
2026-08-10 02:09:27: Read more: https://nextjs.org/docs/messages/failed-to-find-server-action]
2026-08-10 02:09:28: [Error: Failed to find Server Action "ve". This request might be from an older or newer deployment.
2026-08-10 02:09:28: Read more: https://nextjs.org/docs/messages/failed-to-find-server-action]
2026-08-10 02:09:28: [Error: Failed to find Server Action "ve". This request might be from an older or newer deployment.
2026-08-10 02:09:28: Read more: https://nextjs.org/docs/messages/failed-to-find-server-action]
2026-08-10 02:09:29: [Error: Failed to find Server Action "ve". This request might be from an older or newer deployment.
2026-08-10 02:09:29: Read more: https://nextjs.org/docs/messages/failed-to-find-server-action]
2026-08-10 02:09:29: [Error: Failed to find Server Action "ve". This request might be from an older or newer deployment.
2026-08-10 02:09:29: Read more: https://nextjs.org/docs/messages/failed-to-find-server-action]
2026-08-10 02:09:30: [Error: Failed to find Server Action "ve". This request might be from an older or newer deployment.
2026-08-10 02:09:30: Read more: https://nextjs.org/docs/messages/failed-to-find-server-action]
2026-08-10 02:09:31: [Error: Failed to find Server Action "ve". This request might be from an older or newer deployment.
2026-08-10 02:09:31: Read more: https://nextjs.org/docs/messages/failed-to-find-server-action]
2026-08-10 02:09:31: [Error: Failed to find Server Action "ve". This request might be from an older or newer deployment.
2026-08-10 02:09:31: Read more: https://nextjs.org/docs/messages/failed-to-find-server-action]
2026-08-10 02:09:32: [Error: Failed to find Server Action "ve". This request might be from an older or newer deployment.
2026-08-10 02:09:32: Read more: https://nextjs.org/docs/messages/failed-to-find-server-action]
2026-08-10 02:09:32: [Error: Failed to find Server Action "ve". This request might be from an older or newer deployment.
2026-08-10 02:09:32: Read more: https://nextjs.org/docs/messages/failed-to-find-server-action]
2026-08-10 03:53:52: [Error: Failed to find Server Action "ho". This request might be from an older or newer deployment.
2026-08-10 03:53:52: Read more: https://nextjs.org/docs/messages/failed-to-find-server-action]
2026-08-10 03:53:53: [Error: Failed to find Server Action "ho". This request might be from an older or newer deployment.
2026-08-10 03:53:53: Read more: https://nextjs.org/docs/messages/failed-to-find-server-action]
2026-08-10 03:53:53: [Error: Failed to find Server Action "ho". This request might be from an older or newer deployment.
2026-08-10 03:53:53: Read more: https://nextjs.org/docs/messages/failed-to-find-server-action]
2026-08-10 03:53:54: [Error: Failed to find Server Action "ho". This request might be from an older or newer deployment.
2026-08-10 03:53:54: Read more: https://nextjs.org/docs/messages/failed-to-find-server-action]
2026-08-10 03:53:55: [Error: Failed to find Server Action "ho". This request might be from an older or newer deployment.
2026-08-10 03:53:55: Read more: https://nextjs.org/docs/messages/failed-to-find-server-action]
2026-08-10 03:53:55: [Error: Failed to find Server Action "ho". This request might be from an older or newer deployment.
2026-08-10 03:53:55: Read more: https://nextjs.org/docs/messages/failed-to-find-server-action]
2026-08-10 03:53:56: [Error: Failed to find Server Action "ho". This request might be from an older or newer deployment.
2026-08-10 03:53:56: Read more: https://nextjs.org/docs/messages/failed-to-find-server-action]
2026-08-10 03:53:57: [Error: Failed to find Server Action "ho". This request might be from an older or newer deployment.
2026-08-10 03:53:57: Read more: https://nextjs.org/docs/messages/failed-to-find-server-action]
2026-08-10 03:53:57: [Error: Failed to find Server Action "ho". This request might be from an older or newer deployment.
2026-08-10 03:53:57: Read more: https://nextjs.org/docs/messages/failed-to-find-server-action]
2026-08-10 03:53:58: [Error: Failed to find Server Action "ho". This request might be from an older or newer deployment.
2026-08-10 03:53:58: Read more: https://nextjs.org/docs/messages/failed-to-find-server-action]
2026-08-10 03:53:58: [Error: Failed to find Server Action "ho". This request might be from an older or newer deployment.
2026-08-10 03:53:58: Read more: https://nextjs.org/docs/messages/failed-to-find-server-action]
2026-08-10 03:53:59: [Error: Failed to find Server Action "ho". This request might be from an older or newer deployment.
2026-08-10 03:53:59: Read more: https://nextjs.org/docs/messages/failed-to-find-server-action]
2026-08-10 03:54:00: [Error: Failed to find Server Action "ho". This request might be from an older or newer deployment.
2026-08-10 03:54:00: Read more: https://nextjs.org/docs/messages/failed-to-find-server-action]
2026-08-10 03:54:01: [Error: Failed to find Server Action "ho". This request might be from an older or newer deployment.
2026-08-10 03:54:01: Read more: https://nextjs.org/docs/messages/failed-to-find-server-action]
2026-08-10 03:54:02: [Error: Failed to find Server Action "ho". This request might be from an older or newer deployment.
2026-08-10 03:54:02: Read more: https://nextjs.org/docs/messages/failed-to-find-server-action]
2026-08-10 03:54:03: [Error: Failed to find Server Action "ho". This request might be from an older or newer deployment.
2026-08-10 03:54:03: Read more: https://nextjs.org/docs/messages/failed-to-find-server-action]
2026-08-10 03:54:03: [Error: Failed to find Server Action "ho". This request might be from an older or newer deployment.
2026-08-10 03:54:03: Read more: https://nextjs.org/docs/messages/failed-to-find-server-action]
2026-08-10 04:15:58: [Error: Failed to find Server Action "x". This request might be from an older or newer deployment.
2026-08-10 04:15:58: Read more: https://nextjs.org/docs/messages/failed-to-find-server-action]
2026-08-10 04:15:59: [Error: Failed to find Server Action "x". This request might be from an older or newer deployment.
2026-08-10 04:15:59: Read more: https://nextjs.org/docs/messages/failed-to-find-server-action]
2026-08-10 04:16:00: [Error: Failed to find Server Action "x". This request might be from an older or newer deployment.
2026-08-10 04:16:00: Read more: https://nextjs.org/docs/messages/failed-to-find-server-action]
2026-08-10 04:16:01: [Error: Failed to find Server Action "x". This request might be from an older or newer deployment.
2026-08-10 04:16:01: Read more: https://nextjs.org/docs/messages/failed-to-find-server-action]
2026-08-10 04:16:02: [Error: Failed to find Server Action "x". This request might be from an older or newer deployment.
2026-08-10 04:16:02: Read more: https://nextjs.org/docs/messages/failed-to-find-server-action]
2026-08-10 04:16:02: [Error: Failed to find Server Action "x". This request might be from an older or newer deployment.
2026-08-10 04:16:02: Read more: https://nextjs.org/docs/messages/failed-to-find-server-action]
2026-08-10 11:00:42: [Error: Failed to find Server Action "ix". This request might be from an older or newer deployment.
2026-08-10 11:00:42: Read more: https://nextjs.org/docs/messages/failed-to-find-server-action]
2026-08-10 11:00:43: [Error: Failed to find Server Action "ix". This request might be from an older or newer deployment.
2026-08-10 11:00:43: Read more: https://nextjs.org/docs/messages/failed-to-find-server-action]
2026-08-10 11:00:44: [Error: Failed to find Server Action "ix". This request might be from an older or newer deployment.
2026-08-10 11:00:44: Read more: https://nextjs.org/docs/messages/failed-to-find-server-action]
2026-08-10 11:00:45: [Error: Failed to find Server Action "ix". This request might be from an older or newer deployment.
2026-08-10 11:00:45: Read more: https://nextjs.org/docs/messages/failed-to-find-server-action]
2026-08-10 11:00:45: [Error: Failed to find Server Action "ix". This request might be from an older or newer deployment.
2026-08-10 11:00:45: Read more: https://nextjs.org/docs/messages/failed-to-find-server-action]
2026-08-10 11:00:46: [Error: Failed to find Server Action "ix". This request might be from an older or newer deployment.
2026-08-10 11:00:46: Read more: https://nextjs.org/docs/messages/failed-to-find-server-action]
2026-08-10 11:00:47: [Error: Failed to find Server Action "ix". This request might be from an older or newer deployment.
2026-08-10 11:00:47: Read more: https://nextjs.org/docs/messages/failed-to-find-server-action]
2026-08-10 11:00:47: [Error: Failed to find Server Action "ix". This request might be from an older or newer deployment.
2026-08-10 11:00:47: Read more: https://nextjs.org/docs/messages/failed-to-find-server-action]
2026-08-10 11:00:48: [Error: Failed to find Server Action "ix". This request might be from an older or newer deployment.
2026-08-10 11:00:48: Read more: https://nextjs.org/docs/messages/failed-to-find-server-action]
2026-08-10 11:00:48: [Error: Failed to find Server Action "ix". This request might be from an older or newer deployment.
2026-08-10 11:00:48: Read more: https://nextjs.org/docs/messages/failed-to-find-server-action]
2026-08-10 11:00:49: [Error: Failed to find Server Action "ix". This request might be from an older or newer deployment.
2026-08-10 11:00:49: Read more: https://nextjs.org/docs/messages/failed-to-find-server-action]
2026-08-10 11:00:50: [Error: Failed to find Server Action "ix". This request might be from an older or newer deployment.
2026-08-10 11:00:50: Read more: https://nextjs.org/docs/messages/failed-to-find-server-action]
2026-08-10 11:00:50: [Error: Failed to find Server Action "ix". This request might be from an older or newer deployment.
2026-08-10 11:00:50: Read more: https://nextjs.org/docs/messages/failed-to-find-server-action]
2026-08-10 11:00:51: [Error: Failed to find Server Action "ix". This request might be from an older or newer deployment.
2026-08-10 11:00:51: Read more: https://nextjs.org/docs/messages/failed-to-find-server-action]
2026-08-10 11:00:51: [Error: Failed to find Server Action "ix". This request might be from an older or newer deployment.
2026-08-10 11:00:51: Read more: https://nextjs.org/docs/messages/failed-to-find-server-action]
2026-08-10 11:00:52: [Error: Failed to find Server Action "ix". This request might be from an older or newer deployment.
2026-08-10 11:00:52: Read more: https://nextjs.org/docs/messages/failed-to-find-server-action]
2026-08-10 11:00:53: [Error: Failed to find Server Action "ix". This request might be from an older or newer deployment.
2026-08-10 11:00:53: Read more: https://nextjs.org/docs/messages/failed-to-find-server-action]
2026-08-10 13:47:24: [Error: Failed to find Server Action "ou". This request might be from an older or newer deployment.
2026-08-10 13:47:24: Read more: https://nextjs.org/docs/messages/failed-to-find-server-action]
2026-08-10 13:47:25: [Error: Failed to find Server Action "ou". This request might be from an older or newer deployment.
2026-08-10 13:47:25: Read more: https://nextjs.org/docs/messages/failed-to-find-server-action]
2026-08-10 13:47:25: [Error: Failed to find Server Action "ou". This request might be from an older or newer deployment.
2026-08-10 13:47:25: Read more: https://nextjs.org/docs/messages/failed-to-find-server-action]
2026-08-10 13:47:26: [Error: Failed to find Server Action "ou". This request might be from an older or newer deployment.
2026-08-10 13:47:26: Read more: https://nextjs.org/docs/messages/failed-to-find-server-action]
2026-08-10 13:47:29: [Error: Failed to find Server Action "ou". This request might be from an older or newer deployment.
2026-08-10 13:47:29: Read more: https://nextjs.org/docs/messages/failed-to-find-server-action]
2026-08-10 13:47:29: [Error: Failed to find Server Action "ou". This request might be from an older or newer deployment.
2026-08-10 13:47:29: Read more: https://nextjs.org/docs/messages/failed-to-find-server-action]
2026-08-10 13:47:30: [Error: Failed to find Server Action "ou". This request might be from an older or newer deployment.
2026-08-10 13:47:30: Read more: https://nextjs.org/docs/messages/failed-to-find-server-action]
2026-08-10 13:47:30: [Error: Failed to find Server Action "ou". This request might be from an older or newer deployment.
2026-08-10 13:47:30: Read more: https://nextjs.org/docs/messages/failed-to-find-server-action]
2026-08-10 13:47:31: [Error: Failed to find Server Action "ou". This request might be from an older or newer deployment.
2026-08-10 13:47:31: Read more: https://nextjs.org/docs/messages/failed-to-find-server-action]
2026-08-10 13:47:32: [Error: Failed to find Server Action "ou". This request might be from an older or newer deployment.
2026-08-10 13:47:32: Read more: https://nextjs.org/docs/messages/failed-to-find-server-action]
2026-08-10 13:47:32: [Error: Failed to find Server Action "ou". This request might be from an older or newer deployment.
2026-08-10 13:47:32: Read more: https://nextjs.org/docs/messages/failed-to-find-server-action]
2026-08-10 13:47:33: [Error: Failed to find Server Action "ou". This request might be from an older or newer deployment.
2026-08-10 13:47:33: Read more: https://nextjs.org/docs/messages/failed-to-find-server-action]
2026-08-10 13:47:33: [Error: Failed to find Server Action "ou". This request might be from an older or newer deployment.
2026-08-10 13:47:33: Read more: https://nextjs.org/docs/messages/failed-to-find-server-action]
2026-08-10 13:47:34: [Error: Failed to find Server Action "ou". This request might be from an older or newer deployment.
2026-08-10 13:47:34: Read more: https://nextjs.org/docs/messages/failed-to-find-server-action]
2026-08-10 13:47:34: [Error: Failed to find Server Action "ou". This request might be from an older or newer deployment.
2026-08-10 13:47:34: Read more: https://nextjs.org/docs/messages/failed-to-find-server-action]
2026-08-10 13:47:35: [Error: Failed to find Server Action "ou". This request might be from an older or newer deployment.
2026-08-10 13:47:35: Read more: https://nextjs.org/docs/messages/failed-to-find-server-action]
2026-08-10 13:47:36: [Error: Failed to find Server Action "ou". This request might be from an older or newer deployment.
2026-08-10 13:47:36: Read more: https://nextjs.org/docs/messages/failed-to-find-server-action]
2026-08-10 15:13:24: [Error: Failed to find Server Action "vi". This request might be from an older or newer deployment.
2026-08-10 15:13:24: Read more: https://nextjs.org/docs/messages/failed-to-find-server-action]
2026-08-10 15:13:25: [Error: Failed to find Server Action "vi". This request might be from an older or newer deployment.
2026-08-10 15:13:25: Read more: https://nextjs.org/docs/messages/failed-to-find-server-action]
2026-08-10 15:13:25: [Error: Failed to find Server Action "vi". This request might be from an older or newer deployment.
2026-08-10 15:13:25: Read more: https://nextjs.org/docs/messages/failed-to-find-server-action]
2026-08-10 15:13:26: [Error: Failed to find Server Action "vi". This request might be from an older or newer deployment.
2026-08-10 15:13:26: Read more: https://nextjs.org/docs/messages/failed-to-find-server-action]
2026-08-10 15:13:26: [Error: Failed to find Server Action "vi". This request might be from an older or newer deployment.
2026-08-10 15:13:26: Read more: https://nextjs.org/docs/messages/failed-to-find-server-action]
2026-08-10 15:13:28: [Error: Failed to find Server Action "vi". This request might be from an older or newer deployment.
2026-08-10 15:13:28: Read more: https://nextjs.org/docs/messages/failed-to-find-server-action]
2026-08-10 15:13:28: [Error: Failed to find Server Action "vi". This request might be from an older or newer deployment.
2026-08-10 15:13:28: Read more: https://nextjs.org/docs/messages/failed-to-find-server-action]
2026-08-10 15:13:29: [Error: Failed to find Server Action "vi". This request might be from an older or newer deployment.
2026-08-10 15:13:29: Read more: https://nextjs.org/docs/messages/failed-to-find-server-action]
2026-08-10 15:13:32: [Error: Failed to find Server Action "vi". This request might be from an older or newer deployment.
2026-08-10 15:13:32: Read more: https://nextjs.org/docs/messages/failed-to-find-server-action]
2026-08-10 15:13:33: [Error: Failed to find Server Action "vi". This request might be from an older or newer deployment.
2026-08-10 15:13:33: Read more: https://nextjs.org/docs/messages/failed-to-find-server-action]
2026-08-10 15:13:33: [Error: Failed to find Server Action "vi". This request might be from an older or newer deployment.
2026-08-10 15:13:33: Read more: https://nextjs.org/docs/messages/failed-to-find-server-action]
2026-08-10 15:13:34: [Error: Failed to find Server Action "vi". This request might be from an older or newer deployment.
2026-08-10 15:13:34: Read more: https://nextjs.org/docs/messages/failed-to-find-server-action]
2026-08-10 15:13:34: [Error: Failed to find Server Action "vi". This request might be from an older or newer deployment.
2026-08-10 15:13:34: Read more: https://nextjs.org/docs/messages/failed-to-find-server-action]
2026-08-10 15:13:35: [Error: Failed to find Server Action "vi". This request might be from an older or newer deployment.
2026-08-10 15:13:35: Read more: https://nextjs.org/docs/messages/failed-to-find-server-action]
2026-08-10 15:13:35: [Error: Failed to find Server Action "vi". This request might be from an older or newer deployment.
2026-08-10 15:13:35: Read more: https://nextjs.org/docs/messages/failed-to-find-server-action]
2026-08-10 15:13:36: [Error: Failed to find Server Action "vi". This request might be from an older or newer deployment.
2026-08-10 15:13:36: Read more: https://nextjs.org/docs/messages/failed-to-find-server-action]
2026-08-10 15:13:36: [Error: Failed to find Server Action "vi". This request might be from an older or newer deployment.
2026-08-10 15:13:36: Read more: https://nextjs.org/docs/messages/failed-to-find-server-action]
2026-08-10 15:51:25: [Error: Failed to find Server Action "x". This request might be from an older or newer deployment.
2026-08-10 15:51:25: Read more: https://nextjs.org/docs/messages/failed-to-find-server-action]
2026-08-10 15:51:26: [Error: Failed to find Server Action "x". This request might be from an older or newer deployment.
2026-08-10 15:51:26: Read more: https://nextjs.org/docs/messages/failed-to-find-server-action]
2026-08-10 15:51:27: [Error: Failed to find Server Action "x". This request might be from an older or newer deployment.
2026-08-10 15:51:27: Read more: https://nextjs.org/docs/messages/failed-to-find-server-action]
2026-08-10 15:51:27: [Error: Failed to find Server Action "x". This request might be from an older or newer deployment.
2026-08-10 15:51:27: Read more: https://nextjs.org/docs/messages/failed-to-find-server-action]
2026-08-10 15:51:29: [Error: Failed to find Server Action "x". This request might be from an older or newer deployment.
2026-08-10 15:51:29: Read more: https://nextjs.org/docs/messages/failed-to-find-server-action]
2026-08-10 15:51:30: [Error: Failed to find Server Action "x". This request might be from an older or newer deployment.
2026-08-10 15:51:30: Read more: https://nextjs.org/docs/messages/failed-to-find-server-action]
2026-08-10 16:52:47: [Error: Failed to find Server Action "x". This request might be from an older or newer deployment.
2026-08-10 16:52:47: Read more: https://nextjs.org/docs/messages/failed-to-find-server-action]
2026-08-10 18:10:31: [Error: Failed to find Server Action "es". This request might be from an older or newer deployment.
2026-08-10 18:10:31: Read more: https://nextjs.org/docs/messages/failed-to-find-server-action]
2026-08-10 18:10:32: [Error: Failed to find Server Action "es". This request might be from an older or newer deployment.
2026-08-10 18:10:32: Read more: https://nextjs.org/docs/messages/failed-to-find-server-action]
2026-08-10 18:10:33: [Error: Failed to find Server Action "es". This request might be from an older or newer deployment.
2026-08-10 18:10:33: Read more: https://nextjs.org/docs/messages/failed-to-find-server-action]
2026-08-10 18:10:33: [Error: Failed to find Server Action "es". This request might be from an older or newer deployment.
2026-08-10 18:10:33: Read more: https://nextjs.org/docs/messages/failed-to-find-server-action]
2026-08-10 18:10:34: [Error: Failed to find Server Action "es". This request might be from an older or newer deployment.
2026-08-10 18:10:34: Read more: https://nextjs.org/docs/messages/failed-to-find-server-action]
2026-08-10 18:10:35: [Error: Failed to find Server Action "es". This request might be from an older or newer deployment.
2026-08-10 18:10:35: Read more: https://nextjs.org/docs/messages/failed-to-find-server-action]
2026-08-10 18:10:35: [Error: Failed to find Server Action "es". This request might be from an older or newer deployment.
2026-08-10 18:10:35: Read more: https://nextjs.org/docs/messages/failed-to-find-server-action]
2026-08-10 18:10:36: [Error: Failed to find Server Action "es". This request might be from an older or newer deployment.
2026-08-10 18:10:36: Read more: https://nextjs.org/docs/messages/failed-to-find-server-action]
2026-08-10 18:10:36: [Error: Failed to find Server Action "es". This request might be from an older or newer deployment.
2026-08-10 18:10:36: Read more: https://nextjs.org/docs/messages/failed-to-find-server-action]
2026-08-10 18:10:37: [Error: Failed to find Server Action "es". This request might be from an older or newer deployment.
2026-08-10 18:10:37: Read more: https://nextjs.org/docs/messages/failed-to-find-server-action]
2026-08-10 18:10:37: [Error: Failed to find Server Action "es". This request might be from an older or newer deployment.
2026-08-10 18:10:37: Read more: https://nextjs.org/docs/messages/failed-to-find-server-action]
2026-08-10 18:10:38: [Error: Failed to find Server Action "es". This request might be from an older or newer deployment.
2026-08-10 18:10:38: Read more: https://nextjs.org/docs/messages/failed-to-find-server-action]
2026-08-10 18:10:39: [Error: Failed to find Server Action "es". This request might be from an older or newer deployment.
2026-08-10 18:10:39: Read more: https://nextjs.org/docs/messages/failed-to-find-server-action]
2026-08-10 18:10:39: [Error: Failed to find Server Action "es". This request might be from an older or newer deployment.
2026-08-10 18:10:39: Read more: https://nextjs.org/docs/messages/failed-to-find-server-action]
2026-08-10 18:10:40: [Error: Failed to find Server Action "es". This request might be from an older or newer deployment.
2026-08-10 18:10:40: Read more: https://nextjs.org/docs/messages/failed-to-find-server-action]
2026-08-10 18:10:40: [Error: Failed to find Server Action "es". This request might be from an older or newer deployment.
2026-08-10 18:10:40: Read more: https://nextjs.org/docs/messages/failed-to-find-server-action]
2026-08-10 18:10:41: [Error: Failed to find Server Action "es". This request might be from an older or newer deployment.
2026-08-10 18:10:41: Read more: https://nextjs.org/docs/messages/failed-to-find-server-action]
2026-08-10 18:43:49: [Error: Failed to find Server Action "78". This request might be from an older or newer deployment.
2026-08-10 18:43:49: Read more: https://nextjs.org/docs/messages/failed-to-find-server-action]
2026-08-10 18:43:50: [Error: Failed to find Server Action "78". This request might be from an older or newer deployment.
2026-08-10 18:43:50: Read more: https://nextjs.org/docs/messages/failed-to-find-server-action]
2026-08-10 18:43:51: [Error: Failed to find Server Action "78". This request might be from an older or newer deployment.
2026-08-10 18:43:51: Read more: https://nextjs.org/docs/messages/failed-to-find-server-action]
2026-08-10 18:43:51: [Error: Failed to find Server Action "78". This request might be from an older or newer deployment.
2026-08-10 18:43:51: Read more: https://nextjs.org/docs/messages/failed-to-find-server-action]
2026-08-10 18:43:52: [Error: Failed to find Server Action "78". This request might be from an older or newer deployment.
2026-08-10 18:43:52: Read more: https://nextjs.org/docs/messages/failed-to-find-server-action]
2026-08-10 18:43:52: [Error: Failed to find Server Action "78". This request might be from an older or newer deployment.
2026-08-10 18:43:52: Read more: https://nextjs.org/docs/messages/failed-to-find-server-action]
2026-08-10 18:43:53: [Error: Failed to find Server Action "78". This request might be from an older or newer deployment.
2026-08-10 18:43:53: Read more: https://nextjs.org/docs/messages/failed-to-find-server-action]
2026-08-10 18:43:53: [Error: Failed to find Server Action "78". This request might be from an older or newer deployment.
2026-08-10 18:43:53: Read more: https://nextjs.org/docs/messages/failed-to-find-server-action]
2026-08-10 18:43:54: [Error: Failed to find Server Action "78". This request might be from an older or newer deployment.
2026-08-10 18:43:54: Read more: https://nextjs.org/docs/messages/failed-to-find-server-action]
2026-08-10 18:43:54: [Error: Failed to find Server Action "78". This request might be from an older or newer deployment.
2026-08-10 18:43:54: Read more: https://nextjs.org/docs/messages/failed-to-find-server-action]
2026-08-10 18:43:55: [Error: Failed to find Server Action "78". This request might be from an older or newer deployment.
2026-08-10 18:43:55: Read more: https://nextjs.org/docs/messages/failed-to-find-server-action]
2026-08-10 18:43:56: [Error: Failed to find Server Action "78". This request might be from an older or newer deployment.
2026-08-10 18:43:56: Read more: https://nextjs.org/docs/messages/failed-to-find-server-action]
2026-08-10 18:43:56: [Error: Failed to find Server Action "78". This request might be from an older or newer deployment.
2026-08-10 18:43:56: Read more: https://nextjs.org/docs/messages/failed-to-find-server-action]
2026-08-10 18:43:57: [Error: Failed to find Server Action "78". This request might be from an older or newer deployment.
2026-08-10 18:43:57: Read more: https://nextjs.org/docs/messages/failed-to-find-server-action]
2026-08-10 18:43:57: [Error: Failed to find Server Action "78". This request might be from an older or newer deployment.
2026-08-10 18:43:57: Read more: https://nextjs.org/docs/messages/failed-to-find-server-action]
2026-08-10 18:43:58: [Error: Failed to find Server Action "78". This request might be from an older or newer deployment.
2026-08-10 18:43:58: Read more: https://nextjs.org/docs/messages/failed-to-find-server-action]
2026-08-10 18:43:58: [Error: Failed to find Server Action "78". This request might be from an older or newer deployment.
2026-08-10 18:43:58: Read more: https://nextjs.org/docs/messages/failed-to-find-server-action]
2026-08-10 19:57:33: [Error: Failed to find Server Action "yh". This request might be from an older or newer deployment.
2026-08-10 19:57:33: Read more: https://nextjs.org/docs/messages/failed-to-find-server-action]
2026-08-10 19:57:34: [Error: Failed to find Server Action "yh". This request might be from an older or newer deployment.
2026-08-10 19:57:34: Read more: https://nextjs.org/docs/messages/failed-to-find-server-action]
2026-08-10 19:57:34: [Error: Failed to find Server Action "yh". This request might be from an older or newer deployment.
2026-08-10 19:57:34: Read more: https://nextjs.org/docs/messages/failed-to-find-server-action]
2026-08-10 19:57:35: [Error: Failed to find Server Action "yh". This request might be from an older or newer deployment.
2026-08-10 19:57:35: Read more: https://nextjs.org/docs/messages/failed-to-find-server-action]
2026-08-10 19:57:35: [Error: Failed to find Server Action "yh". This request might be from an older or newer deployment.
2026-08-10 19:57:35: Read more: https://nextjs.org/docs/messages/failed-to-find-server-action]
2026-08-10 19:57:36: [Error: Failed to find Server Action "yh". This request might be from an older or newer deployment.
2026-08-10 19:57:36: Read more: https://nextjs.org/docs/messages/failed-to-find-server-action]
2026-08-10 19:57:38: [Error: Failed to find Server Action "yh". This request might be from an older or newer deployment.
2026-08-10 19:57:38: Read more: https://nextjs.org/docs/messages/failed-to-find-server-action]
2026-08-10 19:57:38: [Error: Failed to find Server Action "yh". This request might be from an older or newer deployment.
2026-08-10 19:57:38: Read more: https://nextjs.org/docs/messages/failed-to-find-server-action]
2026-08-10 19:57:40: [Error: Failed to find Server Action "yh". This request might be from an older or newer deployment.
2026-08-10 19:57:40: Read more: https://nextjs.org/docs/messages/failed-to-find-server-action]
2026-08-10 19:57:40: [Error: Failed to find Server Action "yh". This request might be from an older or newer deployment.
2026-08-10 19:57:40: Read more: https://nextjs.org/docs/messages/failed-to-find-server-action]
2026-08-10 19:57:41: [Error: Failed to find Server Action "yh". This request might be from an older or newer deployment.
2026-08-10 19:57:41: Read more: https://nextjs.org/docs/messages/failed-to-find-server-action]
2026-08-10 19:57:42: [Error: Failed to find Server Action "yh". This request might be from an older or newer deployment.
2026-08-10 19:57:42: Read more: https://nextjs.org/docs/messages/failed-to-find-server-action]
2026-08-10 19:57:43: [Error: Failed to find Server Action "yh". This request might be from an older or newer deployment.
2026-08-10 19:57:43: Read more: https://nextjs.org/docs/messages/failed-to-find-server-action]
2026-08-10 19:57:44: [Error: Failed to find Server Action "yh". This request might be from an older or newer deployment.
2026-08-10 19:57:44: Read more: https://nextjs.org/docs/messages/failed-to-find-server-action]
2026-08-10 19:57:45: [Error: Failed to find Server Action "yh". This request might be from an older or newer deployment.
2026-08-10 19:57:45: Read more: https://nextjs.org/docs/messages/failed-to-find-server-action]
2026-08-10 19:57:46: [Error: Failed to find Server Action "yh". This request might be from an older or newer deployment.
2026-08-10 19:57:46: Read more: https://nextjs.org/docs/messages/failed-to-find-server-action]
2026-08-10 19:57:46: [Error: Failed to find Server Action "yh". This request might be from an older or newer deployment.
2026-08-10 19:57:46: Read more: https://nextjs.org/docs/messages/failed-to-find-server-action]
2026-08-10 23:02:06: [Error: Failed to find Server Action "pf". This request might be from an older or newer deployment.
2026-08-10 23:02:06: Read more: https://nextjs.org/docs/messages/failed-to-find-server-action]
2026-08-10 23:02:07: [Error: Failed to find Server Action "pf". This request might be from an older or newer deployment.
2026-08-10 23:02:07: Read more: https://nextjs.org/docs/messages/failed-to-find-server-action]
2026-08-10 23:02:09: [Error: Failed to find Server Action "pf". This request might be from an older or newer deployment.
2026-08-10 23:02:09: Read more: https://nextjs.org/docs/messages/failed-to-find-server-action]
2026-08-10 23:02:09: [Error: Failed to find Server Action "pf". This request might be from an older or newer deployment.
2026-08-10 23:02:09: Read more: https://nextjs.org/docs/messages/failed-to-find-server-action]
2026-08-10 23:02:10: [Error: Failed to find Server Action "pf". This request might be from an older or newer deployment.
2026-08-10 23:02:10: Read more: https://nextjs.org/docs/messages/failed-to-find-server-action]
2026-08-10 23:02:10: [Error: Failed to find Server Action "pf". This request might be from an older or newer deployment.
2026-08-10 23:02:10: Read more: https://nextjs.org/docs/messages/failed-to-find-server-action]
2026-08-10 23:02:11: [Error: Failed to find Server Action "pf". This request might be from an older or newer deployment.
2026-08-10 23:02:11: Read more: https://nextjs.org/docs/messages/failed-to-find-server-action]
2026-08-10 23:02:12: [Error: Failed to find Server Action "pf". This request might be from an older or newer deployment.
2026-08-10 23:02:12: Read more: https://nextjs.org/docs/messages/failed-to-find-server-action]
2026-08-10 23:02:12: [Error: Failed to find Server Action "pf". This request might be from an older or newer deployment.
2026-08-10 23:02:12: Read more: https://nextjs.org/docs/messages/failed-to-find-server-action]
2026-08-10 23:02:13: [Error: Failed to find Server Action "pf". This request might be from an older or newer deployment.
2026-08-10 23:02:13: Read more: https://nextjs.org/docs/messages/failed-to-find-server-action]
2026-08-10 23:02:13: [Error: Failed to find Server Action "pf". This request might be from an older or newer deployment.
2026-08-10 23:02:13: Read more: https://nextjs.org/docs/messages/failed-to-find-server-action]
2026-08-10 23:02:14: [Error: Failed to find Server Action "pf". This request might be from an older or newer deployment.
2026-08-10 23:02:14: Read more: https://nextjs.org/docs/messages/failed-to-find-server-action]
2026-08-10 23:02:14: [Error: Failed to find Server Action "pf". This request might be from an older or newer deployment.
2026-08-10 23:02:14: Read more: https://nextjs.org/docs/messages/failed-to-find-server-action]
2026-08-10 23:02:15: [Error: Failed to find Server Action "pf". This request might be from an older or newer deployment.
2026-08-10 23:02:15: Read more: https://nextjs.org/docs/messages/failed-to-find-server-action]
2026-08-10 23:02:16: [Error: Failed to find Server Action "pf". This request might be from an older or newer deployment.
2026-08-10 23:02:16: Read more: https://nextjs.org/docs/messages/failed-to-find-server-action]
2026-08-10 23:02:16: [Error: Failed to find Server Action "pf". This request might be from an older or newer deployment.
2026-08-10 23:02:16: Read more: https://nextjs.org/docs/messages/failed-to-find-server-action]
2026-08-10 23:02:17: [Error: Failed to find Server Action "pf". This request might be from an older or newer deployment.
2026-08-10 23:02:17: Read more: https://nextjs.org/docs/messages/failed-to-find-server-action]
2026-08-11 00:32:26: [Error: Failed to find Server Action "1c". This request might be from an older or newer deployment.
2026-08-11 00:32:26: Read more: https://nextjs.org/docs/messages/failed-to-find-server-action]
2026-08-11 00:32:27: [Error: Failed to find Server Action "1c". This request might be from an older or newer deployment.
2026-08-11 00:32:27: Read more: https://nextjs.org/docs/messages/failed-to-find-server-action]
2026-08-11 00:32:27: [Error: Failed to find Server Action "1c". This request might be from an older or newer deployment.
2026-08-11 00:32:27: Read more: https://nextjs.org/docs/messages/failed-to-find-server-action]
2026-08-11 00:32:29: [Error: Failed to find Server Action "1c". This request might be from an older or newer deployment.
2026-08-11 00:32:29: Read more: https://nextjs.org/docs/messages/failed-to-find-server-action]
2026-08-11 00:32:29: [Error: Failed to find Server Action "1c". This request might be from an older or newer deployment.
2026-08-11 00:32:29: Read more: https://nextjs.org/docs/messages/failed-to-find-server-action]
2026-08-11 00:32:30: [Error: Failed to find Server Action "1c". This request might be from an older or newer deployment.
2026-08-11 00:32:30: Read more: https://nextjs.org/docs/messages/failed-to-find-server-action]
2026-08-11 00:32:30: [Error: Failed to find Server Action "1c". This request might be from an older or newer deployment.
2026-08-11 00:32:30: Read more: https://nextjs.org/docs/messages/failed-to-find-server-action]
2026-08-11 00:32:31: [Error: Failed to find Server Action "1c". This request might be from an older or newer deployment.
2026-08-11 00:32:31: Read more: https://nextjs.org/docs/messages/failed-to-find-server-action]
2026-08-11 00:32:32: [Error: Failed to find Server Action "1c". This request might be from an older or newer deployment.
2026-08-11 00:32:32: Read more: https://nextjs.org/docs/messages/failed-to-find-server-action]
2026-08-11 00:32:32: [Error: Failed to find Server Action "1c". This request might be from an older or newer deployment.
2026-08-11 00:32:32: Read more: https://nextjs.org/docs/messages/failed-to-find-server-action]
2026-08-11 00:32:33: [Error: Failed to find Server Action "1c". This request might be from an older or newer deployment.
2026-08-11 00:32:33: Read more: https://nextjs.org/docs/messages/failed-to-find-server-action]
2026-08-11 00:32:33: [Error: Failed to find Server Action "1c". This request might be from an older or newer deployment.
2026-08-11 00:32:33: Read more: https://nextjs.org/docs/messages/failed-to-find-server-action]
2026-08-11 00:32:34: [Error: Failed to find Server Action "1c". This request might be from an older or newer deployment.
2026-08-11 00:32:34: Read more: https://nextjs.org/docs/messages/failed-to-find-server-action]
2026-08-11 00:32:36: [Error: Failed to find Server Action "1c". This request might be from an older or newer deployment.
2026-08-11 00:32:36: Read more: https://nextjs.org/docs/messages/failed-to-find-server-action]
2026-08-11 00:32:36: [Error: Failed to find Server Action "1c". This request might be from an older or newer deployment.
2026-08-11 00:32:36: Read more: https://nextjs.org/docs/messages/failed-to-find-server-action]
2026-08-11 00:32:37: [Error: Failed to find Server Action "1c". This request might be from an older or newer deployment.
2026-08-11 00:32:37: Read more: https://nextjs.org/docs/messages/failed-to-find-server-action]
2026-08-11 00:32:37: [Error: Failed to find Server Action "1c". This request might be from an older or newer deployment.
2026-08-11 00:32:37: Read more: https://nextjs.org/docs/messages/failed-to-find-server-action]
2026-08-11 01:57:58: [Error: Failed to find Server Action "ur". This request might be from an older or newer deployment.
2026-08-11 01:57:58: Read more: https://nextjs.org/docs/messages/failed-to-find-server-action]
2026-08-11 01:57:59: [Error: Failed to find Server Action "ur". This request might be from an older or newer deployment.
2026-08-11 01:57:59: Read more: https://nextjs.org/docs/messages/failed-to-find-server-action]
2026-08-11 01:57:59: [Error: Failed to find Server Action "ur". This request might be from an older or newer deployment.
2026-08-11 01:57:59: Read more: https://nextjs.org/docs/messages/failed-to-find-server-action]
2026-08-11 01:58:00: [Error: Failed to find Server Action "ur". This request might be from an older or newer deployment.
2026-08-11 01:58:00: Read more: https://nextjs.org/docs/messages/failed-to-find-server-action]
2026-08-11 01:58:00: [Error: Failed to find Server Action "ur". This request might be from an older or newer deployment.
2026-08-11 01:58:00: Read more: https://nextjs.org/docs/messages/failed-to-find-server-action]
2026-08-11 01:58:01: [Error: Failed to find Server Action "ur". This request might be from an older or newer deployment.
2026-08-11 01:58:01: Read more: https://nextjs.org/docs/messages/failed-to-find-server-action]
2026-08-11 01:58:01: [Error: Failed to find Server Action "ur". This request might be from an older or newer deployment.
2026-08-11 01:58:01: Read more: https://nextjs.org/docs/messages/failed-to-find-server-action]
2026-08-11 01:58:02: [Error: Failed to find Server Action "ur". This request might be from an older or newer deployment.
2026-08-11 01:58:02: Read more: https://nextjs.org/docs/messages/failed-to-find-server-action]
2026-08-11 01:58:03: [Error: Failed to find Server Action "ur". This request might be from an older or newer deployment.
2026-08-11 01:58:03: Read more: https://nextjs.org/docs/messages/failed-to-find-server-action]
2026-08-11 01:58:03: [Error: Failed to find Server Action "ur". This request might be from an older or newer deployment.
2026-08-11 01:58:03: Read more: https://nextjs.org/docs/messages/failed-to-find-server-action]
2026-08-11 01:58:04: [Error: Failed to find Server Action "ur". This request might be from an older or newer deployment.
2026-08-11 01:58:04: Read more: https://nextjs.org/docs/messages/failed-to-find-server-action]
2026-08-11 01:58:04: [Error: Failed to find Server Action "ur". This request might be from an older or newer deployment.
2026-08-11 01:58:04: Read more: https://nextjs.org/docs/messages/failed-to-find-server-action]
2026-08-11 01:58:05: [Error: Failed to find Server Action "ur". This request might be from an older or newer deployment.
2026-08-11 01:58:05: Read more: https://nextjs.org/docs/messages/failed-to-find-server-action]
2026-08-11 01:58:05: [Error: Failed to find Server Action "ur". This request might be from an older or newer deployment.
2026-08-11 01:58:05: Read more: https://nextjs.org/docs/messages/failed-to-find-server-action]
2026-08-11 01:58:06: [Error: Failed to find Server Action "ur". This request might be from an older or newer deployment.
2026-08-11 01:58:06: Read more: https://nextjs.org/docs/messages/failed-to-find-server-action]
2026-08-11 01:58:06: [Error: Failed to find Server Action "ur". This request might be from an older or newer deployment.
2026-08-11 01:58:06: Read more: https://nextjs.org/docs/messages/failed-to-find-server-action]
2026-08-11 01:58:07: [Error: Failed to find Server Action "ur". This request might be from an older or newer deployment.
2026-08-11 01:58:07: Read more: https://nextjs.org/docs/messages/failed-to-find-server-action]
2026-08-11 03:41:32: [Error: Failed to find Server Action "y9". This request might be from an older or newer deployment.
2026-08-11 03:41:32: Read more: https://nextjs.org/docs/messages/failed-to-find-server-action]
2026-08-11 03:41:33: [Error: Failed to find Server Action "y9". This request might be from an older or newer deployment.
2026-08-11 03:41:33: Read more: https://nextjs.org/docs/messages/failed-to-find-server-action]
2026-08-11 03:41:33: [Error: Failed to find Server Action "y9". This request might be from an older or newer deployment.
2026-08-11 03:41:33: Read more: https://nextjs.org/docs/messages/failed-to-find-server-action]
2026-08-11 03:41:34: [Error: Failed to find Server Action "y9". This request might be from an older or newer deployment.
2026-08-11 03:41:34: Read more: https://nextjs.org/docs/messages/failed-to-find-server-action]
2026-08-11 03:41:34: [Error: Failed to find Server Action "y9". This request might be from an older or newer deployment.
2026-08-11 03:41:34: Read more: https://nextjs.org/docs/messages/failed-to-find-server-action]
2026-08-11 03:41:35: [Error: Failed to find Server Action "y9". This request might be from an older or newer deployment.
2026-08-11 03:41:35: Read more: https://nextjs.org/docs/messages/failed-to-find-server-action]
2026-08-11 03:41:36: [Error: Failed to find Server Action "y9". This request might be from an older or newer deployment.
2026-08-11 03:41:36: Read more: https://nextjs.org/docs/messages/failed-to-find-server-action]
2026-08-11 03:41:36: [Error: Failed to find Server Action "y9". This request might be from an older or newer deployment.
2026-08-11 03:41:36: Read more: https://nextjs.org/docs/messages/failed-to-find-server-action]
2026-08-11 03:41:37: [Error: Failed to find Server Action "y9". This request might be from an older or newer deployment.
2026-08-11 03:41:37: Read more: https://nextjs.org/docs/messages/failed-to-find-server-action]
2026-08-11 03:41:37: [Error: Failed to find Server Action "y9". This request might be from an older or newer deployment.
2026-08-11 03:41:37: Read more: https://nextjs.org/docs/messages/failed-to-find-server-action]
2026-08-11 03:41:38: [Error: Failed to find Server Action "y9". This request might be from an older or newer deployment.
2026-08-11 03:41:38: Read more: https://nextjs.org/docs/messages/failed-to-find-server-action]
2026-08-11 03:41:38: [Error: Failed to find Server Action "y9". This request might be from an older or newer deployment.
2026-08-11 03:41:38: Read more: https://nextjs.org/docs/messages/failed-to-find-server-action]
2026-08-11 03:41:39: [Error: Failed to find Server Action "y9". This request might be from an older or newer deployment.
2026-08-11 03:41:39: Read more: https://nextjs.org/docs/messages/failed-to-find-server-action]
2026-08-11 03:41:39: [Error: Failed to find Server Action "y9". This request might be from an older or newer deployment.
2026-08-11 03:41:39: Read more: https://nextjs.org/docs/messages/failed-to-find-server-action]
2026-08-11 03:41:40: [Error: Failed to find Server Action "y9". This request might be from an older or newer deployment.
2026-08-11 03:41:40: Read more: https://nextjs.org/docs/messages/failed-to-find-server-action]
2026-08-11 03:41:41: [Error: Failed to find Server Action "y9". This request might be from an older or newer deployment.
2026-08-11 03:41:41: Read more: https://nextjs.org/docs/messages/failed-to-find-server-action]
2026-08-11 03:41:41: [Error: Failed to find Server Action "y9". This request might be from an older or newer deployment.
2026-08-11 03:41:41: Read more: https://nextjs.org/docs/messages/failed-to-find-server-action]
2026-08-11 05:20:07: [Error: Failed to find Server Action "yq". This request might be from an older or newer deployment.
2026-08-11 05:20:07: Read more: https://nextjs.org/docs/messages/failed-to-find-server-action]
2026-08-11 05:20:08: [Error: Failed to find Server Action "yq". This request might be from an older or newer deployment.
2026-08-11 05:20:08: Read more: https://nextjs.org/docs/messages/failed-to-find-server-action]
2026-08-11 05:20:08: [Error: Failed to find Server Action "yq". This request might be from an older or newer deployment.
2026-08-11 05:20:08: Read more: https://nextjs.org/docs/messages/failed-to-find-server-action]
2026-08-11 05:20:09: [Error: Failed to find Server Action "yq". This request might be from an older or newer deployment.
2026-08-11 05:20:09: Read more: https://nextjs.org/docs/messages/failed-to-find-server-action]
2026-08-11 05:20:09: [Error: Failed to find Server Action "yq". This request might be from an older or newer deployment.
2026-08-11 05:20:09: Read more: https://nextjs.org/docs/messages/failed-to-find-server-action]
2026-08-11 05:20:10: [Error: Failed to find Server Action "yq". This request might be from an older or newer deployment.
2026-08-11 05:20:10: Read more: https://nextjs.org/docs/messages/failed-to-find-server-action]
2026-08-11 05:20:10: [Error: Failed to find Server Action "yq". This request might be from an older or newer deployment.
2026-08-11 05:20:10: Read more: https://nextjs.org/docs/messages/failed-to-find-server-action]
2026-08-11 05:20:11: [Error: Failed to find Server Action "yq". This request might be from an older or newer deployment.
2026-08-11 05:20:11: Read more: https://nextjs.org/docs/messages/failed-to-find-server-action]
2026-08-11 05:20:12: [Error: Failed to find Server Action "yq". This request might be from an older or newer deployment.
2026-08-11 05:20:12: Read more: https://nextjs.org/docs/messages/failed-to-find-server-action]
2026-08-11 05:20:12: [Error: Failed to find Server Action "yq". This request might be from an older or newer deployment.
2026-08-11 05:20:12: Read more: https://nextjs.org/docs/messages/failed-to-find-server-action]
2026-08-11 05:20:13: [Error: Failed to find Server Action "yq". This request might be from an older or newer deployment.
2026-08-11 05:20:13: Read more: https://nextjs.org/docs/messages/failed-to-find-server-action]
2026-08-11 05:20:13: [Error: Failed to find Server Action "yq". This request might be from an older or newer deployment.
2026-08-11 05:20:13: Read more: https://nextjs.org/docs/messages/failed-to-find-server-action]
2026-08-11 05:20:14: [Error: Failed to find Server Action "yq". This request might be from an older or newer deployment.
2026-08-11 05:20:14: Read more: https://nextjs.org/docs/messages/failed-to-find-server-action]
2026-08-11 05:20:14: [Error: Failed to find Server Action "yq". This request might be from an older or newer deployment.
2026-08-11 05:20:14: Read more: https://nextjs.org/docs/messages/failed-to-find-server-action]
2026-08-11 05:20:15: [Error: Failed to find Server Action "yq". This request might be from an older or newer deployment.
2026-08-11 05:20:15: Read more: https://nextjs.org/docs/messages/failed-to-find-server-action]
2026-08-11 05:20:15: [Error: Failed to find Server Action "yq". This request might be from an older or newer deployment.
2026-08-11 05:20:15: Read more: https://nextjs.org/docs/messages/failed-to-find-server-action]
2026-08-11 05:20:16: [Error: Failed to find Server Action "yq". This request might be from an older or newer deployment.
2026-08-11 05:20:16: Read more: https://nextjs.org/docs/messages/failed-to-find-server-action]
2026-08-11 05:56:17: [Error: Failed to find Server Action "x". This request might be from an older or newer deployment.
2026-08-11 05:56:17: Read more: https://nextjs.org/docs/messages/failed-to-find-server-action]
2026-08-11 05:56:18: [Error: Failed to find Server Action "x". This request might be from an older or newer deployment.
2026-08-11 05:56:18: Read more: https://nextjs.org/docs/messages/failed-to-find-server-action]
2026-08-11 05:56:19: [Error: Failed to find Server Action "x". This request might be from an older or newer deployment.
2026-08-11 05:56:19: Read more: https://nextjs.org/docs/messages/failed-to-find-server-action]
2026-08-11 05:56:20: [Error: Failed to find Server Action "x". This request might be from an older or newer deployment.
2026-08-11 05:56:20: Read more: https://nextjs.org/docs/messages/failed-to-find-server-action]
2026-08-11 05:56:20: [Error: Failed to find Server Action "x". This request might be from an older or newer deployment.
2026-08-11 05:56:20: Read more: https://nextjs.org/docs/messages/failed-to-find-server-action]
2026-08-11 05:56:21: [Error: Failed to find Server Action "x". This request might be from an older or newer deployment.
2026-08-11 05:56:21: Read more: https://nextjs.org/docs/messages/failed-to-find-server-action]
2026-08-11 06:49:59: [Error: Failed to find Server Action "ed". This request might be from an older or newer deployment.
2026-08-11 06:49:59: Read more: https://nextjs.org/docs/messages/failed-to-find-server-action]
2026-08-11 06:50:00: [Error: Failed to find Server Action "ed". This request might be from an older or newer deployment.
2026-08-11 06:50:00: Read more: https://nextjs.org/docs/messages/failed-to-find-server-action]
2026-08-11 06:50:00: [Error: Failed to find Server Action "ed". This request might be from an older or newer deployment.
2026-08-11 06:50:00: Read more: https://nextjs.org/docs/messages/failed-to-find-server-action]
2026-08-11 06:50:01: [Error: Failed to find Server Action "ed". This request might be from an older or newer deployment.
2026-08-11 06:50:01: Read more: https://nextjs.org/docs/messages/failed-to-find-server-action]
2026-08-11 06:50:01: [Error: Failed to find Server Action "ed". This request might be from an older or newer deployment.
2026-08-11 06:50:01: Read more: https://nextjs.org/docs/messages/failed-to-find-server-action]
2026-08-11 06:50:02: [Error: Failed to find Server Action "ed". This request might be from an older or newer deployment.
2026-08-11 06:50:02: Read more: https://nextjs.org/docs/messages/failed-to-find-server-action]
2026-08-11 06:50:03: [Error: Failed to find Server Action "ed". This request might be from an older or newer deployment.
2026-08-11 06:50:03: Read more: https://nextjs.org/docs/messages/failed-to-find-server-action]
2026-08-11 06:50:03: [Error: Failed to find Server Action "ed". This request might be from an older or newer deployment.
2026-08-11 06:50:03: Read more: https://nextjs.org/docs/messages/failed-to-find-server-action]
2026-08-11 06:50:04: [Error: Failed to find Server Action "ed". This request might be from an older or newer deployment.
2026-08-11 06:50:04: Read more: https://nextjs.org/docs/messages/failed-to-find-server-action]
2026-08-11 06:50:04: [Error: Failed to find Server Action "ed". This request might be from an older or newer deployment.
2026-08-11 06:50:04: Read more: https://nextjs.org/docs/messages/failed-to-find-server-action]
2026-08-11 06:50:05: [Error: Failed to find Server Action "ed". This request might be from an older or newer deployment.
2026-08-11 06:50:05: Read more: https://nextjs.org/docs/messages/failed-to-find-server-action]
2026-08-11 06:50:05: [Error: Failed to find Server Action "ed". This request might be from an older or newer deployment.
2026-08-11 06:50:05: Read more: https://nextjs.org/docs/messages/failed-to-find-server-action]
2026-08-11 06:50:06: [Error: Failed to find Server Action "ed". This request might be from an older or newer deployment.
2026-08-11 06:50:06: Read more: https://nextjs.org/docs/messages/failed-to-find-server-action]
2026-08-11 06:50:07: [Error: Failed to find Server Action "ed". This request might be from an older or newer deployment.
2026-08-11 06:50:07: Read more: https://nextjs.org/docs/messages/failed-to-find-server-action]
2026-08-11 06:50:07: [Error: Failed to find Server Action "ed". This request might be from an older or newer deployment.
2026-08-11 06:50:07: Read more: https://nextjs.org/docs/messages/failed-to-find-server-action]
2026-08-11 06:50:08: [Error: Failed to find Server Action "ed". This request might be from an older or newer deployment.
2026-08-11 06:50:08: Read more: https://nextjs.org/docs/messages/failed-to-find-server-action]
2026-08-11 06:50:08: [Error: Failed to find Server Action "ed". This request might be from an older or newer deployment.
2026-08-11 06:50:08: Read more: https://nextjs.org/docs/messages/failed-to-find-server-action]
2026-08-11 08:09:46: [Error: Failed to find Server Action "x". This request might be from an older or newer deployment.
2026-08-11 08:09:46: Read more: https://nextjs.org/docs/messages/failed-to-find-server-action]
2026-08-11 08:22:28: [Error: Failed to find Server Action "lo". This request might be from an older or newer deployment.
2026-08-11 08:22:28: Read more: https://nextjs.org/docs/messages/failed-to-find-server-action]
2026-08-11 08:22:29: [Error: Failed to find Server Action "lo". This request might be from an older or newer deployment.
2026-08-11 08:22:29: Read more: https://nextjs.org/docs/messages/failed-to-find-server-action]
2026-08-11 08:22:29: [Error: Failed to find Server Action "lo". This request might be from an older or newer deployment.
2026-08-11 08:22:29: Read more: https://nextjs.org/docs/messages/failed-to-find-server-action]
2026-08-11 08:22:30: [Error: Failed to find Server Action "lo". This request might be from an older or newer deployment.
2026-08-11 08:22:30: Read more: https://nextjs.org/docs/messages/failed-to-find-server-action]
2026-08-11 08:22:30: [Error: Failed to find Server Action "lo". This request might be from an older or newer deployment.
2026-08-11 08:22:30: Read more: https://nextjs.org/docs/messages/failed-to-find-server-action]
2026-08-11 08:22:31: [Error: Failed to find Server Action "lo". This request might be from an older or newer deployment.
2026-08-11 08:22:31: Read more: https://nextjs.org/docs/messages/failed-to-find-server-action]
2026-08-11 08:22:31: [Error: Failed to find Server Action "lo". This request might be from an older or newer deployment.
2026-08-11 08:22:31: Read more: https://nextjs.org/docs/messages/failed-to-find-server-action]
2026-08-11 08:22:32: [Error: Failed to find Server Action "lo". This request might be from an older or newer deployment.
2026-08-11 08:22:32: Read more: https://nextjs.org/docs/messages/failed-to-find-server-action]
2026-08-11 08:22:33: [Error: Failed to find Server Action "lo". This request might be from an older or newer deployment.
2026-08-11 08:22:33: Read more: https://nextjs.org/docs/messages/failed-to-find-server-action]
2026-08-11 08:22:33: [Error: Failed to find Server Action "lo". This request might be from an older or newer deployment.
2026-08-11 08:22:33: Read more: https://nextjs.org/docs/messages/failed-to-find-server-action]
2026-08-11 08:22:34: [Error: Failed to find Server Action "lo". This request might be from an older or newer deployment.
2026-08-11 08:22:34: Read more: https://nextjs.org/docs/messages/failed-to-find-server-action]
2026-08-11 08:22:34: [Error: Failed to find Server Action "lo". This request might be from an older or newer deployment.
2026-08-11 08:22:34: Read more: https://nextjs.org/docs/messages/failed-to-find-server-action]
2026-08-11 08:22:35: [Error: Failed to find Server Action "lo". This request might be from an older or newer deployment.
2026-08-11 08:22:35: Read more: https://nextjs.org/docs/messages/failed-to-find-server-action]
2026-08-11 08:22:35: [Error: Failed to find Server Action "lo". This request might be from an older or newer deployment.
2026-08-11 08:22:35: Read more: https://nextjs.org/docs/messages/failed-to-find-server-action]
2026-08-11 08:22:36: [Error: Failed to find Server Action "lo". This request might be from an older or newer deployment.
2026-08-11 08:22:36: Read more: https://nextjs.org/docs/messages/failed-to-find-server-action]
2026-08-11 08:22:36: [Error: Failed to find Server Action "lo". This request might be from an older or newer deployment.
2026-08-11 08:22:36: Read more: https://nextjs.org/docs/messages/failed-to-find-server-action]
2026-08-11 08:22:37: [Error: Failed to find Server Action "lo". This request might be from an older or newer deployment.
2026-08-11 08:22:37: Read more: https://nextjs.org/docs/messages/failed-to-find-server-action]
2026-08-11 09:13:27: [Error: Failed to find Server Action "eg". This request might be from an older or newer deployment.
2026-08-11 09:13:27: Read more: https://nextjs.org/docs/messages/failed-to-find-server-action]
2026-08-11 09:13:28: [Error: Failed to find Server Action "eg". This request might be from an older or newer deployment.
2026-08-11 09:13:28: Read more: https://nextjs.org/docs/messages/failed-to-find-server-action]
2026-08-11 09:13:29: [Error: Failed to find Server Action "eg". This request might be from an older or newer deployment.
2026-08-11 09:13:29: Read more: https://nextjs.org/docs/messages/failed-to-find-server-action]
2026-08-11 09:13:29: [Error: Failed to find Server Action "eg". This request might be from an older or newer deployment.
2026-08-11 09:13:29: Read more: https://nextjs.org/docs/messages/failed-to-find-server-action]
2026-08-11 09:13:30: [Error: Failed to find Server Action "eg". This request might be from an older or newer deployment.
2026-08-11 09:13:30: Read more: https://nextjs.org/docs/messages/failed-to-find-server-action]
2026-08-11 09:13:31: [Error: Failed to find Server Action "eg". This request might be from an older or newer deployment.
2026-08-11 09:13:31: Read more: https://nextjs.org/docs/messages/failed-to-find-server-action]
2026-08-11 09:13:32: [Error: Failed to find Server Action "eg". This request might be from an older or newer deployment.
2026-08-11 09:13:32: Read more: https://nextjs.org/docs/messages/failed-to-find-server-action]
2026-08-11 09:13:32: [Error: Failed to find Server Action "eg". This request might be from an older or newer deployment.
2026-08-11 09:13:32: Read more: https://nextjs.org/docs/messages/failed-to-find-server-action]
2026-08-11 09:13:34: [Error: Failed to find Server Action "eg". This request might be from an older or newer deployment.
2026-08-11 09:13:34: Read more: https://nextjs.org/docs/messages/failed-to-find-server-action]
2026-08-11 09:13:34: [Error: Failed to find Server Action "eg". This request might be from an older or newer deployment.
2026-08-11 09:13:34: Read more: https://nextjs.org/docs/messages/failed-to-find-server-action]
2026-08-11 09:13:35: [Error: Failed to find Server Action "eg". This request might be from an older or newer deployment.
2026-08-11 09:13:35: Read more: https://nextjs.org/docs/messages/failed-to-find-server-action]
2026-08-11 09:13:35: [Error: Failed to find Server Action "eg". This request might be from an older or newer deployment.
2026-08-11 09:13:35: Read more: https://nextjs.org/docs/messages/failed-to-find-server-action]
2026-08-11 09:13:36: [Error: Failed to find Server Action "eg". This request might be from an older or newer deployment.
2026-08-11 09:13:36: Read more: https://nextjs.org/docs/messages/failed-to-find-server-action]
2026-08-11 09:13:36: [Error: Failed to find Server Action "eg". This request might be from an older or newer deployment.
2026-08-11 09:13:36: Read more: https://nextjs.org/docs/messages/failed-to-find-server-action]
2026-08-11 09:13:37: [Error: Failed to find Server Action "eg". This request might be from an older or newer deployment.
2026-08-11 09:13:37: Read more: https://nextjs.org/docs/messages/failed-to-find-server-action]
2026-08-11 09:13:38: [Error: Failed to find Server Action "eg". This request might be from an older or newer deployment.
2026-08-11 09:13:38: Read more: https://nextjs.org/docs/messages/failed-to-find-server-action]
2026-08-11 09:13:39: [Error: Failed to find Server Action "eg". This request might be from an older or newer deployment.
2026-08-11 09:13:39: Read more: https://nextjs.org/docs/messages/failed-to-find-server-action]
